類型,公司代號 ,公司名稱 ,上市日,市場別,產業別,CFICode
股票 ,1101,台泥,1962/2/9,上市,水泥工業,ESVUFR
股票 ,1102,亞泥,1962/6/8,上市,水泥工業,ESVUFR
股票 ,1103,嘉泥,1969/11/14,上市,水泥工業,ESVUFR
股票 ,1104,環泥,1971/2/1,上市,水泥工業,ESVUFR
股票 ,1108,幸福,1990/6/6,上市,水泥工業,ESVUFR
股票 ,1109,信大,1991/12/5,上市,水泥工業,ESVUFR
股票 ,1110,東泥,1994/10/22,上市,水泥工業,ESVUFR
股票 ,1201,味全,1962/2/9,上市,食品工業,ESVUFR
股票 ,1203,味王,1964/8/24,上市,食品工業,ESVUFR
股票 ,1210,大成,1978/5/20,上市,食品工業,ESVUFR
股票 ,1213,大飲,1981/4/10,上市,食品工業,ESVUFR
股票 ,1215,卜蜂,1987/7/27,上市,食品工業,ESVUFR
股票 ,1216,統一,1987/12/28,上市,食品工業,ESVUFR
股票 ,1217,愛之味,1989/10/28,上市,食品工業,ESVUFR
股票 ,1218,泰山,1989/11/11,上市,食品工業,ESVUFR
股票 ,1219,福壽,1990/12/1,上市,食品工業,ESVUFR
股票 ,1220,台榮,1991/11/20,上市,食品工業,ESVUFR
股票 ,1225,福懋油,1993/9/27,上市,食品工業,ESVUFR
股票 ,1227,佳格,1994/4/9,上市,食品工業,ESVUFR
股票 ,1229,聯華,1976/7/19,上市,食品工業,ESVUFR
股票 ,1231,聯華食,1995/11/2,上市,食品工業,ESVUFR
股票 ,1232,大統益,1996/2/9,上市,食品工業,ESVUFR
股票 ,1233,天仁,1999/1/20,上市,食品工業,ESVUFR
股票 ,1234,黑松,1999/3/12,上市,食品工業,ESVUFR
股票 ,1235,興泰,2000/9/11,上市,食品工業,ESVUFR
股票 ,1236,宏亞,2001/9/17,上市,食品工業,ESVUFR
股票 ,1256,鮮活果汁-KY,2016/3/17,上市,食品工業,ESVUFR
股票 ,1301,台塑,1964/7/27,上市,塑膠工業,ESVUFR
股票 ,1303,南亞,1967/11/5,上市,塑膠工業,ESVUFR
股票 ,1304,台聚,1972/5/20,上市,塑膠工業,ESVUFR
股票 ,1305,華夏,1973/3/5,上市,塑膠工業,ESVUFR
股票 ,1307,三芳,1985/11/23,上市,塑膠工業,ESVUFR
股票 ,1308,亞聚,1986/6/20,上市,塑膠工業,ESVUFR
股票 ,1309,台達化,1986/6/27,上市,塑膠工業,ESVUFR
股票 ,1310,台苯,1987/8/6,上市,塑膠工業,ESVUFR
股票 ,1312,國喬,1988/12/21,上市,塑膠工業,ESVUFR
股票 ,1313,聯成,1989/3/27,上市,塑膠工業,ESVUFR
股票 ,1314,中石化,1991/7/12,上市,塑膠工業,ESVUFR
股票 ,1315,達新,1992/5/9,上市,塑膠工業,ESVUFR
股票 ,1316,上曜,1992/10/15,上市,建材營造業,ESVUFR
股票 ,1319,東陽,1994/12/12,上市,汽車工業,ESVUFR
股票 ,1321,大洋,1999/1/26,上市,塑膠工業,ESVUFR
股票 ,1323,永裕,2000/9/11,上市,塑膠工業,ESVUFR
股票 ,1324,地球,2000/9/11,上市,塑膠工業,ESVUFR
股票 ,1325,恆大,2000/9/11,上市,塑膠工業,ESVUFR
股票 ,1326,台化,1984/12/20,上市,塑膠工業,ESVUFR
股票 ,1337,再生-KY,2011/7/1,上市,塑膠工業,ESVUFR
股票 ,1338,廣華-KY,2012/12/19,上市,汽車工業,ESVUFR
股票 ,1339,昭輝,2012/4/24,上市,汽車工業,ESVUFR
股票 ,1340,勝悅-KY,2013/12/6,上市,塑膠工業,ESVUFR
股票 ,1341,富林-KY,2018/12/24,上市,塑膠工業,ESVUFR
股票 ,1342,八貫,2020/11/24,上市,其他業,ESVUFR
股票 ,1402,遠東新,1967/4/14,上市,紡織纖維,ESVUFR
股票 ,1409,新纖,1973/8/31,上市,紡織纖維,ESVUFR
股票 ,1410,南染,1973/10/18,上市,紡織纖維,ESVUFR
股票 ,1413,宏洲,1975/12/23,上市,紡織纖維,ESVUFR
股票 ,1414,東和,1976/2/2,上市,紡織纖維,ESVUFR
股票 ,1416,廣豐,1976/4/20,上市,其他業,ESVUFR
股票 ,1417,嘉裕,1976/12/28,上市,紡織纖維,ESVUFR
股票 ,1418,東華,1977/2/14,上市,紡織纖維,ESVUFR
股票 ,1419,新紡,1977/3/14,上市,紡織纖維,ESVUFR
股票 ,1423,利華,1979/4/2,上市,紡織纖維,ESVUFR
股票 ,1432,大魯閣,1982/7/26,上市,運動休閒,ESVUFR
股票 ,1434,福懋,1985/12/24,上市,紡織纖維,ESVUFR
股票 ,1435,中福,1987/12/28,上市,其他業,ESVUFR
股票 ,1436,華友聯,1988/4/11,上市,建材營造業,ESVUFR
股票 ,1437,勤益控,1988/11/10,上市,其他業,ESVUFR
股票 ,1438,三地開發,1988/12/15,上市,建材營造業,ESVUFR
股票 ,1439,雋揚,1989/5/22,上市,建材營造業,ESVUFR
股票 ,1440,南紡,1989/10/3,上市,紡織纖維,ESVUFR
股票 ,1441,大東,1989/10/27,上市,紡織纖維,ESVUFR
股票 ,1442,名軒,1989/11/16,上市,建材營造業,ESVUFR
股票 ,1443,立益物流,1990/4/21,上市,其他業,ESVUFR
股票 ,1444,力麗,1990/8/8,上市,紡織纖維,ESVUFR
股票 ,1445,大宇,1991/2/5,上市,紡織纖維,ESVUFR
股票 ,1446,宏和,1991/10/15,上市,紡織纖維,ESVUFR
股票 ,1447,力鵬,1992/1/28,上市,紡織纖維,ESVUFR
股票 ,1449,佳和,1992/3/12,上市,紡織纖維,ESVUFR
股票 ,1451,年興,1992/12/21,上市,紡織纖維,ESVUFR
股票 ,1452,宏益,1992/12/28,上市,紡織纖維,ESVUFR
股票 ,1453,大將,1993/4/19,上市,建材營造業,ESVUFR
股票 ,1454,台富,1993/5/7,上市,紡織纖維,ESVUFR
股票 ,1455,集盛,1993/10/7,上市,紡織纖維,ESVUFR
股票 ,1456,怡華,1993/12/9,上市,建材營造業,ESVUFR
股票 ,1457,宜進,1994/10/20,上市,紡織纖維,ESVUFR
股票 ,1459,聯發,1994/10/26,上市,紡織纖維,ESVUFR
股票 ,1460,宏遠,1995/4/28,上市,紡織纖維,ESVUFR
股票 ,1463,強盛新,1996/12/5,上市,紡織纖維,ESVUFR
股票 ,1464,得力,1997/1/18,上市,紡織纖維,ESVUFR
股票 ,1465,偉全,1997/9/8,上市,紡織纖維,ESVUFR
股票 ,1466,聚隆,1998/4/4,上市,紡織纖維,ESVUFR
股票 ,1467,南緯,1998/12/21,上市,紡織纖維,ESVUFR
股票 ,1468,昶和,1999/1/21,上市,紡織纖維,ESVUFR
股票 ,1470,大統新創,1999/5/21,上市,紡織纖維,ESVUFR
股票 ,1471,首利,2000/3/6,上市,電子零組件業,ESVUFR
股票 ,1472,三洋實業,2000/9/11,上市,建材營造業,ESVUFR
股票 ,1473,台南,2000/9/11,上市,紡織纖維,ESVUFR
股票 ,1474,弘裕,2000/10/31,上市,紡織纖維,ESVUFR
股票 ,1475,業旺,2000/10/27,上市,紡織纖維,ESVUFR
股票 ,1476,儒鴻,2001/4/18,上市,紡織纖維,ESVUFR
股票 ,1477,聚陽,2003/1/21,上市,紡織纖維,ESVUFR
股票 ,1503,士電,1969/12/15,上市,電機機械,ESVUFR
股票 ,1504,東元,1973/11/5,上市,電機機械,ESVUFR
股票 ,1506,正道,1980/8/11,上市,電機機械,ESVUFR
股票 ,1512,瑞利,1994/1/28,上市,汽車工業,ESVUFR
股票 ,1513,中興電,1994/3/8,上市,電機機械,ESVUFR
股票 ,1514,亞力,1994/3/26,上市,電機機械,ESVUFR
股票 ,1515,力山,1995/2/4,上市,電機機械,ESVUFR
股票 ,1516,川飛,1995/4/1,上市,其他業,ESVUFR
股票 ,1517,利奇,1995/11/14,上市,電機機械,ESVUFR
股票 ,1519,華城,1997/4/16,上市,電機機械,ESVUFR
股票 ,1521,大億,1997/10/6,上市,汽車工業,ESVUFR
股票 ,1522,堤維西,1997/10/6,上市,汽車工業,ESVUFR
股票 ,1524,耿鼎,1998/10/30,上市,汽車工業,ESVUFR
股票 ,1525,江申,1999/5/15,上市,汽車工業,ESVUFR
股票 ,1526,日馳,2000/3/27,上市,電機機械,ESVUFR
股票 ,1527,鑽全,2000/6/21,上市,電機機械,ESVUFR
股票 ,1528,恩德,2000/9/11,上市,電機機械,ESVUFR
股票 ,1529,樂事綠能,2000/9/11,上市,電機機械,ESVUFR
股票 ,1530,亞崴,2000/9/11,上市,電機機械,ESVUFR
股票 ,1531,高林股,2000/9/11,上市,電機機械,ESVUFR
股票 ,1532,勤美,2000/9/11,上市,電機機械,ESVUFR
股票 ,1533,車王電,2001/4/6,上市,汽車工業,ESVUFR
股票 ,1535,中宇,2001/9/17,上市,電機機械,ESVUFR
股票 ,1536,和大,2001/9/17,上市,汽車工業,ESVUFR
股票 ,1537,廣隆,2002/1/22,上市,電機機械,ESVUFR
股票 ,1538,正峰,2002/8/26,上市,電機機械,ESVUFR
股票 ,1539,巨庭,2002/10/29,上市,電機機械,ESVUFR
股票 ,1540,喬福,2002/8/26,上市,電機機械,ESVUFR
股票 ,1541,錩泰,2003/3/19,上市,電機機械,ESVUFR
股票 ,1558,伸興,2014/12/23,上市,電機機械,ESVUFR
股票 ,1560,中砂,2005/1/31,上市,電機機械,ESVUFR
股票 ,1563,巧新,2024/5/13,上市,汽車工業,ESVUFR
股票 ,1568,倉佑,2014/5/14,上市,汽車工業,ESVUFR
股票 ,1582,信錦,2009/12/17,上市,電子零組件業,ESVUFR
股票 ,1583,程泰,2008/1/24,上市,電機機械,ESVUFR
股票 ,1587,吉茂,2018/4/16,上市,汽車工業,ESVUFR
股票 ,1589,永冠-KY,2012/4/27,上市,電機機械,ESVUFR
股票 ,1590,亞德客-KY,2010/12/13,上市,電機機械,ESVUFR
股票 ,1597,直得,2020/12/23,上市,電機機械,ESVUFR
股票 ,1598,岱宇,2016/9/20,上市,運動休閒,ESVUFR
股票 ,1603,華電,1968/6/3,上市,電器電纜,ESVUFR
股票 ,1604,聲寶,1970/12/14,上市,電器電纜,ESVUFR
股票 ,1605,華新,1972/11/3,上市,電器電纜,ESVUFR
股票 ,1608,華榮,1988/7/11,上市,電器電纜,ESVUFR
股票 ,1609,大亞,1988/12/12,上市,電器電纜,ESVUFR
股票 ,1611,中電,1990/1/16,上市,電器電纜,ESVUFR
股票 ,1612,宏泰,1993/5/8,上市,電器電纜,ESVUFR
股票 ,1614,三洋電,1997/9/18,上市,電器電纜,ESVUFR
股票 ,1615,大山,2000/3/30,上市,電器電纜,ESVUFR
股票 ,1616,億泰,2000/9/11,上市,電器電纜,ESVUFR
股票 ,1617,榮星,2000/9/11,上市,電器電纜,ESVUFR
股票 ,1618,合機,2000/9/11,上市,電器電纜,ESVUFR
股票 ,1626,艾美特-KY,2013/3/21,上市,電器電纜,ESVUFR
股票 ,1702,南僑,1973/5/30,上市,食品工業,ESVUFR
股票 ,1707,葡萄王,1982/12/20,上市,生技醫療業,ESVUFR
股票 ,1708,東鹼,1986/6/16,上市,化學工業,ESVUFR
股票 ,1709,和益,1986/7/3,上市,化學工業,ESVUFR
股票 ,1710,東聯,1987/10/21,上市,化學工業,ESVUFR
股票 ,1711,永光,1988/12/27,上市,化學工業,ESVUFR
股票 ,1712,興農,1989/12/14,上市,化學工業,ESVUFR
股票 ,1713,國化,1990/1/31,上市,化學工業,ESVUFR
股票 ,1714,和桐,1991/8/30,上市,化學工業,ESVUFR
股票 ,1717,長興,1994/3/31,上市,化學工業,ESVUFR
股票 ,1718,中纖,1963/12/2,上市,化學工業,ESVUFR
股票 ,1720,生達,1995/12/12,上市,生技醫療業,ESVUFR
股票 ,1721,三晃,1996/5/16,上市,化學工業,ESVUFR
股票 ,1722,台肥,1998/3/24,上市,化學工業,ESVUFR
股票 ,1723,中碳,1998/11/27,上市,化學工業,ESVUFR
股票 ,1725,元禎,2000/9/11,上市,化學工業,ESVUFR
股票 ,1726,永記,2000/9/11,上市,化學工業,ESVUFR
股票 ,1727,中華化,2000/9/11,上市,化學工業,ESVUFR
股票 ,1730,花仙子,2001/9/17,上市,化學工業,ESVUFR
股票 ,1731,美吾華,2001/9/17,上市,生技醫療業,ESVUFR
股票 ,1732,毛寶,2001/9/17,上市,化學工業,ESVUFR
股票 ,1733,五鼎,2001/9/17,上市,生技醫療業,ESVUFR
股票 ,1734,杏輝,2002/8/26,上市,生技醫療業,ESVUFR
股票 ,1735,日勝化,2002/8/26,上市,化學工業,ESVUFR
股票 ,1736,喬山,2003/1/9,上市,運動休閒,ESVUFR
股票 ,1737,臺鹽,2003/11/18,上市,食品工業,ESVUFR
股票 ,1752,南光,2022/1/19,上市,生技醫療業,ESVUFR
股票 ,1760,寶齡富錦,2018/1/23,上市,生技醫療業,ESVUFR
股票 ,1762,中化生,2010/12/20,上市,生技醫療業,ESVUFR
股票 ,1773,勝一,2009/2/27,上市,化學工業,ESVUFR
股票 ,1776,展宇,2016/5/9,上市,化學工業,ESVUFR
股票 ,1783,和康生,2013/12/20,上市,生技醫療業,ESVUFR
股票 ,1786,科妍,2013/11/12,上市,生技醫療業,ESVUFR
股票 ,1789,神隆,2011/9/29,上市,生技醫療業,ESVUFR
股票 ,1795,美時,2019/12/16,上市,生技醫療業,ESVUFR
股票 ,1802,台玻,1973/7/20,上市,玻璃陶瓷,ESVUFR
股票 ,1805,寶徠,1989/10/20,上市,建材營造業,ESVUFR
股票 ,1806,冠軍,1992/9/29,上市,玻璃陶瓷,ESVUFR
股票 ,1808,潤隆,1994/10/26,上市,建材營造業,ESVUFR
股票 ,1809,中釉,1996/4/30,上市,玻璃陶瓷,ESVUFR
股票 ,1810,和成,1991/10/14,上市,玻璃陶瓷,ESVUFR
股票 ,1817,凱撒衛,2013/10/24,上市,玻璃陶瓷,ESVUFR
股票 ,1903,士紙,1963/12/9,上市,造紙工業,ESVUFR
股票 ,1904,正隆,1971/9/10,上市,造紙工業,ESVUFR
股票 ,1905,華紙,1975/2/7,上市,造紙工業,ESVUFR
股票 ,1906,寶隆,1976/4/26,上市,造紙工業,ESVUFR
股票 ,1907,永豐餘,1977/2/22,上市,造紙工業,ESVUFR
股票 ,1909,榮成,1985/11/19,上市,造紙工業,ESVUFR
股票 ,2002,中鋼,1974/12/26,上市,鋼鐵工業,ESVUFR
股票 ,2006,東和鋼鐵,1988/7/13,上市,鋼鐵工業,ESVUFR
股票 ,2007,燁興,1988/10/4,上市,鋼鐵工業,ESVUFR
股票 ,2008,高興昌,1988/12/28,上市,鋼鐵工業,ESVUFR
股票 ,2009,第一銅,1989/10/20,上市,鋼鐵工業,ESVUFR
股票 ,2010,春源,1989/12/22,上市,鋼鐵工業,ESVUFR
股票 ,2012,春雨,1991/10/17,上市,鋼鐵工業,ESVUFR
股票 ,2013,中鋼構,1992/1/21,上市,鋼鐵工業,ESVUFR
股票 ,2014,中鴻,1992/2/20,上市,鋼鐵工業,ESVUFR
股票 ,2015,豐興,1992/5/25,上市,鋼鐵工業,ESVUFR
股票 ,2017,官田鋼,1992/11/2,上市,鋼鐵工業,ESVUFR
股票 ,2020,美亞,1993/4/27,上市,鋼鐵工業,ESVUFR
股票 ,2022,聚亨,1995/3/27,上市,鋼鐵工業,ESVUFR
股票 ,2023,燁輝,1995/7/28,上市,鋼鐵工業,ESVUFR
股票 ,2024,志聯,1995/12/30,上市,鋼鐵工業,ESVUFR
股票 ,2025,千興,1996/2/8,上市,鋼鐵工業,ESVUFR
股票 ,2027,大成鋼,1996/10/24,上市,鋼鐵工業,ESVUFR
股票 ,2028,威致,1996/12/13,上市,鋼鐵工業,ESVUFR
股票 ,2029,盛餘,1997/1/11,上市,鋼鐵工業,ESVUFR
股票 ,2030,彰源,1998/12/24,上市,鋼鐵工業,ESVUFR
股票 ,2031,新光鋼,2000/9/11,上市,鋼鐵工業,ESVUFR
股票 ,2032,新鋼,2000/9/11,上市,鋼鐵工業,ESVUFR
股票 ,2033,佳大,2000/9/11,上市,鋼鐵工業,ESVUFR
股票 ,2034,允強,2001/9/17,上市,鋼鐵工業,ESVUFR
股票 ,2038,海光,2008/12/30,上市,鋼鐵工業,ESVUFR
股票 ,2049,上銀,2009/6/26,上市,電機機械,ESVUFR
股票 ,2059,川湖,2008/6/25,上市,電子零組件業,ESVUFR
股票 ,2062,橋椿,2007/11/16,上市,居家生活,ESVUFR
股票 ,2069,運錩,2016/3/22,上市,鋼鐵工業,ESVUFR
股票 ,2101,南港,1963/11/1,上市,橡膠工業,ESVUFR
股票 ,2102,泰豐,1979/7/16,上市,橡膠工業,ESVUFR
股票 ,2103,台橡,1982/9/25,上市,橡膠工業,ESVUFR
股票 ,2104,國際中橡,1986/7/15,上市,橡膠工業,ESVUFR
股票 ,2105,正新,1987/12/7,上市,橡膠工業,ESVUFR
股票 ,2106,建大,1990/12/20,上市,橡膠工業,ESVUFR
股票 ,2107,厚生,1992/3/3,上市,橡膠工業,ESVUFR
股票 ,2108,南帝,1992/10/27,上市,橡膠工業,ESVUFR
股票 ,2109,華豐,2000/5/8,上市,橡膠工業,ESVUFR
股票 ,2114,鑫永銓,2010/12/29,上市,橡膠工業,ESVUFR
股票 ,2115,六暉-KY,2013/12/25,上市,汽車工業,ESVUFR
股票 ,2201,裕隆,1976/7/8,上市,汽車工業,ESVUFR
股票 ,2204,中華,1991/3/12,上市,汽車工業,ESVUFR
股票 ,2206,三陽工業,1996/7/29,上市,汽車工業,ESVUFR
股票 ,2207,和泰車,1997/2/25,上市,汽車工業,ESVUFR
股票 ,2208,台船,2008/12/22,上市,航運業,ESVUFR
股票 ,2211,長榮鋼,2021/4/12,上市,鋼鐵工業,ESVUFR
股票 ,2227,裕日車,2004/12/21,上市,汽車工業,ESVUFR
股票 ,2228,劍麟,2013/11/25,上市,汽車工業,ESVUFR
股票 ,2231,為升,2010/11/19,上市,汽車工業,ESVUFR
股票 ,2233,宇隆,2019/9/17,上市,汽車工業,ESVUFR
股票 ,2236,百達-KY,2015/6/3,上市,汽車工業,ESVUFR
股票 ,2239,英利-KY,2016/1/27,上市,汽車工業,ESVUFR
股票 ,2241,艾姆勒,2020/8/26,上市,汽車工業,ESVUFR
股票 ,2243,宏旭-KY,2017/9/27,上市,汽車工業,ESVUFR
股票 ,2247,汎德永業,2020/10/12,上市,汽車工業,ESVUFR
股票 ,2248,華勝-KY,2025/3/13,上市,汽車工業,ESVUFR
股票 ,2250,IKKA-KY,2021/5/31,上市,汽車工業,ESVUFR
股票 ,2301,光寶科,1995/11/17,上市,電腦及週邊設備業,ESVUFR
股票 ,2302,麗正,1985/1/15,上市,半導體業,ESVUFR
股票 ,2303,聯電,1985/7/16,上市,半導體業,ESVUFR
股票 ,2305,全友,1988/10/21,上市,電腦及週邊設備業,ESVUFR
股票 ,2308,台達電,1988/12/19,上市,電子零組件業,ESVUFR
股票 ,2312,金寶,1989/11/7,上市,其他電子業,ESVUFR
股票 ,2313,華通,1990/7/24,上市,電子零組件業,ESVUFR
股票 ,2314,台揚,1990/8/8,上市,通信網路業,ESVUFR
股票 ,2316,楠梓電,1991/2/5,上市,電子零組件業,ESVUFR
股票 ,2317,鴻海,1991/6/18,上市,其他電子業,ESVUFR
股票 ,2321,東訊,1991/11/8,上市,通信網路業,ESVUFR
股票 ,2323,中環,1992/2/17,上市,光電業,ESVUFR
股票 ,2324,仁寶,1992/2/18,上市,電腦及週邊設備業,ESVUFR
股票 ,2327,國巨*,1993/10/22,上市,電子零組件業,ESVUFR
股票 ,2328,廣宇,1993/11/9,上市,電子零組件業,ESVUFR
股票 ,2329,華泰,1994/4/20,上市,半導體業,ESVUFR
股票 ,2330,台積電,1994/9/5,上市,半導體業,ESVUFR
股票 ,2331,精英,1994/9/21,上市,電腦及週邊設備業,ESVUFR
股票 ,2332,友訊,1994/10/17,上市,通信網路業,ESVUFR
股票 ,2337,旺宏,1995/3/15,上市,半導體業,ESVUFR
股票 ,2338,光罩,1995/4/17,上市,半導體業,ESVUFR
股票 ,2340,台亞,1995/5/2,上市,半導體業,ESVUFR
股票 ,2342,茂矽,1995/9/19,上市,半導體業,ESVUFR
股票 ,2344,華邦電,1995/10/18,上市,半導體業,ESVUFR
股票 ,2345,智邦,1995/11/15,上市,通信網路業,ESVUFR
股票 ,2347,聯強,1995/12/13,上市,電子通路業,ESVUFR
股票 ,2348,海悅,1996/1/5,上市,其他業,ESVUFR
股票 ,2349,錸德,1996/4/23,上市,光電業,ESVUFR
股票 ,2351,順德,1996/4/25,上市,半導體業,ESVUFR
股票 ,2352,佳世達,1996/7/22,上市,電腦及週邊設備業,ESVUFR
股票 ,2353,宏碁,1996/9/18,上市,電腦及週邊設備業,ESVUFR
股票 ,2354,鴻準,1996/10/8,上市,其他電子業,ESVUFR
股票 ,2355,敬鵬,1996/10/14,上市,電子零組件業,ESVUFR
股票 ,2356,英業達,1996/11/13,上市,電腦及週邊設備業,ESVUFR
股票 ,2357,華碩,1996/11/14,上市,電腦及週邊設備業,ESVUFR
股票 ,2359,所羅門,1996/12/19,上市,其他電子業,ESVUFR
股票 ,2360,致茂,1996/12/21,上市,其他電子業,ESVUFR
股票 ,2362,藍天,1997/4/2,上市,電腦及週邊設備業,ESVUFR
股票 ,2363,矽統,1997/8/1,上市,半導體業,ESVUFR
股票 ,2364,倫飛,1997/8/11,上市,電腦及週邊設備業,ESVUFR
股票 ,2365,昆盈,1997/11/3,上市,電腦及週邊設備業,ESVUFR
股票 ,2367,燿華,1997/12/13,上市,電子零組件業,ESVUFR
股票 ,2368,金像電,1998/3/9,上市,電子零組件業,ESVUFR
股票 ,2369,菱生,1998/4/10,上市,半導體業,ESVUFR
股票 ,2371,大同,1962/2/9,上市,電機機械,ESVUFR
股票 ,2373,震旦行,1991/8/1,上市,其他電子業,ESVUFR
股票 ,2374,佳能,1995/1/16,上市,光電業,ESVUFR
股票 ,2375,凱美,1998/8/29,上市,電子零組件業,ESVUFR
股票 ,2376,技嘉,1998/9/24,上市,電腦及週邊設備業,ESVUFR
股票 ,2377,微星,1998/10/31,上市,電腦及週邊設備業,ESVUFR
股票 ,2379,瑞昱,1998/10/26,上市,半導體業,ESVUFR
股票 ,2380,虹光,1998/12/3,上市,電腦及週邊設備業,ESVUFR
股票 ,2382,廣達,1999/1/8,上市,電腦及週邊設備業,ESVUFR
股票 ,2383,台光電,1998/11/27,上市,電子零組件業,ESVUFR
股票 ,2385,群光,1999/1/5,上市,電子零組件業,ESVUFR
股票 ,2387,精元,1999/1/25,上市,電腦及週邊設備業,ESVUFR
股票 ,2388,威盛,1999/3/5,上市,半導體業,ESVUFR
股票 ,2390,云辰,1999/6/15,上市,其他電子業,ESVUFR
股票 ,2392,正崴,1999/9/20,上市,電子零組件業,ESVUFR
股票 ,2393,億光,1999/11/4,上市,光電業,ESVUFR
股票 ,2395,研華,1999/12/13,上市,電腦及週邊設備業,ESVUFR
股票 ,2397,友通,2000/1/15,上市,電腦及週邊設備業,ESVUFR
股票 ,2399,映泰,1999/12/16,上市,電腦及週邊設備業,ESVUFR
股票 ,2401,凌陽,2000/1/27,上市,半導體業,ESVUFR
股票 ,2402,毅嘉,2000/1/14,上市,電子零組件業,ESVUFR
股票 ,2404,漢唐,2000/3/14,上市,其他電子業,ESVUFR
股票 ,2405,輔信,2000/3/17,上市,電腦及週邊設備業,ESVUFR
股票 ,2406,國碩,2000/4/29,上市,光電業,ESVUFR
股票 ,2408,南亞科,2000/8/17,上市,半導體業,ESVUFR
股票 ,2409,友達,2000/9/8,上市,光電業,ESVUFR
股票 ,2412,中華電,2000/10/27,上市,通信網路業,ESVUFR
股票 ,2413,環科,2000/9/11,上市,電子零組件業,ESVUFR
股票 ,2414,精技,2000/9/11,上市,電子通路業,ESVUFR
股票 ,2415,錩新,2000/9/11,上市,電子零組件業,ESVUFR
股票 ,2417,圓剛,2000/9/11,上市,電腦及週邊設備業,ESVUFR
股票 ,2419,仲琦,2000/9/11,上市,通信網路業,ESVUFR
股票 ,2420,新巨,2000/9/11,上市,電子零組件業,ESVUFR
股票 ,2421,建準,2000/9/11,上市,電子零組件業,ESVUFR
股票 ,2423,固緯,2000/9/11,上市,其他電子業,ESVUFR
股票 ,2424,隴華,2000/9/11,上市,通信網路業,ESVUFR
股票 ,2425,承啟,2000/9/11,上市,電腦及週邊設備業,ESVUFR
股票 ,2426,鼎元,2000/9/11,上市,光電業,ESVUFR
股票 ,2427,三商電,2000/9/11,上市,資訊服務業,ESVUFR
股票 ,2428,興勤,2000/9/11,上市,電子零組件業,ESVUFR
股票 ,2429,銘旺科,2000/9/11,上市,光電業,ESVUFR
股票 ,2430,燦坤,2000/9/11,上市,電子通路業,ESVUFR
股票 ,2431,聯昌,2000/9/11,上市,電子零組件業,ESVUFR
股票 ,2433,互盛電,2000/9/11,上市,其他電子業,ESVUFR
股票 ,2434,統懋,2000/9/11,上市,半導體業,ESVUFR
股票 ,2436,偉詮電,2000/9/11,上市,半導體業,ESVUFR
股票 ,2438,翔耀,2000/9/11,上市,光電業,ESVUFR
股票 ,2439,美律,2000/9/11,上市,通信網路業,ESVUFR
股票 ,2440,太空梭,2000/11/10,上市,電子零組件業,ESVUFR
股票 ,2441,超豐,2000/10/26,上市,半導體業,ESVUFR
股票 ,2442,新美齊,2000/11/22,上市,建材營造業,ESVUFR
股票 ,2444,兆勁,2000/12/8,上市,通信網路業,ESVUFR
股票 ,2449,京元電子,2001/5/9,上市,半導體業,ESVUFR
股票 ,2450,神腦,2001/5/24,上市,通信網路業,ESVUFR
股票 ,2451,創見,2001/5/3,上市,半導體業,ESVUFR
股票 ,2453,凌群,2001/5/22,上市,資訊服務業,ESVUFR
股票 ,2454,聯發科,2001/7/23,上市,半導體業,ESVUFR
股票 ,2455,全新,2002/1/24,上市,通信網路業,ESVUFR
股票 ,2457,飛宏,2001/9/17,上市,電子零組件業,ESVUFR
股票 ,2458,義隆,2001/9/17,上市,半導體業,ESVUFR
股票 ,2459,敦吉,2001/9/17,上市,其他電子業,ESVUFR
股票 ,2460,建通,2001/9/17,上市,電子零組件業,ESVUFR
股票 ,2461,光群雷,2001/9/17,上市,其他電子業,ESVUFR
股票 ,2462,良得電,2001/9/17,上市,電子零組件業,ESVUFR
股票 ,2464,盟立,2001/9/17,上市,其他電子業,ESVUFR
股票 ,2465,麗臺,2001/9/19,上市,電腦及週邊設備業,ESVUFR
股票 ,2466,冠西電,2001/9/17,上市,光電業,ESVUFR
股票 ,2467,志聖,2001/9/17,上市,電子零組件業,ESVUFR
股票 ,2468,華經,2001/9/17,上市,資訊服務業,ESVUFR
股票 ,2471,資通,2001/9/17,上市,資訊服務業,ESVUFR
股票 ,2472,立隆電,2001/9/17,上市,電子零組件業,ESVUFR
股票 ,2474,可成,2001/9/17,上市,其他電子業,ESVUFR
股票 ,2476,鉅祥,2001/9/17,上市,電子零組件業,ESVUFR
股票 ,2477,美隆電,2001/9/17,上市,其他電子業,ESVUFR
股票 ,2478,大毅,2001/9/17,上市,電子零組件業,ESVUFR
股票 ,2480,敦陽科,2001/9/17,上市,資訊服務業,ESVUFR
股票 ,2481,強茂,2001/9/17,上市,半導體業,ESVUFR
股票 ,2482,連宇,2001/9/17,上市,其他電子業,ESVUFR
股票 ,2483,百容,2001/9/17,上市,電子零組件業,ESVUFR
股票 ,2484,希華,2001/9/17,上市,電子零組件業,ESVUFR
股票 ,2485,兆赫,2001/9/17,上市,通信網路業,ESVUFR
股票 ,2486,一詮,2001/9/19,上市,光電業,ESVUFR
股票 ,2488,漢平,2001/9/17,上市,其他電子業,ESVUFR
股票 ,2489,瑞軒,2001/9/17,上市,光電業,ESVUFR
股票 ,2491,吉祥全,2001/9/17,上市,光電業,ESVUFR
股票 ,2492,華新科,2001/9/17,上市,電子零組件業,ESVUFR
股票 ,2493,揚博,2002/1/23,上市,電子零組件業,ESVUFR
股票 ,2495,普安,2002/3/25,上市,電腦及週邊設備業,ESVUFR
股票 ,2496,卓越,2002/3/8,上市,其他業,ESVUFR
股票 ,2497,怡利電,2002/2/4,上市,汽車工業,ESVUFR
股票 ,2498,宏達電,2002/3/26,上市,通信網路業,ESVUFR
股票 ,2501,國建,1967/10/28,上市,建材營造業,ESVUFR
股票 ,2504,國產,1978/3/14,上市,建材營造業,ESVUFR
股票 ,2505,國揚,1979/11/14,上市,建材營造業,ESVUFR
股票 ,2506,太設,1980/2/2,上市,建材營造業,ESVUFR
股票 ,2509,全坤建,1988/5/20,上市,建材營造業,ESVUFR
股票 ,2511,太子,1991/4/24,上市,建材營造業,ESVUFR
股票 ,2514,龍邦,1992/9/26,上市,其他業,ESVUFR
股票 ,2515,中工,1993/3/2,上市,建材營造業,ESVUFR
股票 ,2516,新建,1993/5/25,上市,建材營造業,ESVUFR
股票 ,2520,冠德,1993/10/27,上市,建材營造業,ESVUFR
股票 ,2524,京城,1994/10/18,上市,建材營造業,ESVUFR
股票 ,2527,宏璟,1995/3/6,上市,建材營造業,ESVUFR
股票 ,2528,皇普,1995/3/10,上市,建材營造業,ESVUFR
股票 ,2530,華建,1995/10/12,上市,建材營造業,ESVUFR
股票 ,2534,宏盛,1996/2/12,上市,建材營造業,ESVUFR
股票 ,2535,達欣工,1996/3/11,上市,建材營造業,ESVUFR
股票 ,2536,宏普,1996/3/14,上市,建材營造業,ESVUFR
股票 ,2537,聯上發,1996/9/6,上市,建材營造業,ESVUFR
股票 ,2538,基泰,1996/11/1,上市,建材營造業,ESVUFR
股票 ,2539,櫻花建,1997/7/16,上市,建材營造業,ESVUFR
股票 ,2540,愛山林,1989/12/26,上市,建材營造業,ESVUFR
股票 ,2542,興富發,1999/5/3,上市,建材營造業,ESVUFR
股票 ,2543,皇昌,1999/10/15,上市,建材營造業,ESVUFR
股票 ,2545,皇翔,2000/9/11,上市,建材營造業,ESVUFR
股票 ,2546,根基,2000/9/11,上市,建材營造業,ESVUFR
股票 ,2547,日勝生,2000/12/22,上市,建材營造業,ESVUFR
股票 ,2548,華固,2002/8/26,上市,建材營造業,ESVUFR
股票 ,2597,潤弘,2010/3/26,上市,建材營造業,ESVUFR
股票 ,2601,益航,1965/11/4,上市,貿易百貨業,ESVUFR
股票 ,2603,長榮,1987/9/21,上市,航運業,ESVUFR
股票 ,2605,新興,1989/12/8,上市,航運業,ESVUFR
股票 ,2606,裕民,1990/12/8,上市,航運業,ESVUFR
股票 ,2607,榮運,1990/12/14,上市,航運業,ESVUFR
股票 ,2608,嘉里大榮,1990/12/20,上市,航運業,ESVUFR
股票 ,2609,陽明,1992/4/20,上市,航運業,ESVUFR
股票 ,2610,華航,1993/2/26,上市,航運業,ESVUFR
股票 ,2611,志信,1993/10/28,上市,航運業,ESVUFR
股票 ,2612,中航,1994/10/20,上市,航運業,ESVUFR
股票 ,2613,中櫃,1995/1/20,上市,航運業,ESVUFR
股票 ,2614,東森,1995/9/23,上市,其他業,ESVUFR
股票 ,2615,萬海,1996/5/16,上市,航運業,ESVUFR
股票 ,2616,山隆,1997/11/8,上市,油電燃氣業,ESVUFR
股票 ,2617,台航,1998/6/24,上市,航運業,ESVUFR
股票 ,2618,長榮航,2001/9/17,上市,航運業,ESVUFR
股票 ,2630,亞航,2018/2/22,上市,航運業,ESVUFR
股票 ,2633,台灣高鐵,2016/10/27,上市,航運業,ESVUFR
股票 ,2634,漢翔,2014/8/25,上市,航運業,ESVUFR
股票 ,2636,台驊控股,2016/12/22,上市,航運業,ESVUFR
股票 ,2637,慧洋-KY,2010/12/1,上市,航運業,ESVUFR
股票 ,2642,宅配通,2013/12/12,上市,航運業,ESVUFR
股票 ,2645,長榮航太,2023/3/14,上市,航運業,ESVUFR
股票 ,2646,星宇航空,2024/10/25,上市,航運業,ESVUFR
股票 ,2701,萬企,1965/3/22,上市,觀光餐旅,ESVUFR
股票 ,2702,華園,1965/2/14,上市,觀光餐旅,ESVUFR
股票 ,2704,國賓,1982/11/10,上市,觀光餐旅,ESVUFR
股票 ,2705,六福,1988/12/24,上市,觀光餐旅,ESVUFR
股票 ,2706,第一店,1991/6/25,上市,觀光餐旅,ESVUFR
股票 ,2707,晶華,1998/3/9,上市,觀光餐旅,ESVUFR
股票 ,2712,遠雄來,2013/12/3,上市,觀光餐旅,ESVUFR
股票 ,2722,夏都,2012/3/14,上市,觀光餐旅,ESVUFR
股票 ,2723,美食-KY,2010/11/22,上市,觀光餐旅,ESVUFR
股票 ,2727,王品,2012/3/6,上市,觀光餐旅,ESVUFR
股票 ,2731,雄獅,2013/9/24,上市,觀光餐旅,ESVUFR
股票 ,2739,寒舍,2016/5/19,上市,觀光餐旅,ESVUFR
股票 ,2748,雲品,2016/11/23,上市,觀光餐旅,ESVUFR
股票 ,2753,八方雲集,2021/9/9,上市,觀光餐旅,ESVUFR
股票 ,2762,世界健身-KY,2024/1/24,上市,運動休閒,ESVUFR
股票 ,2801,彰銀,1962/2/15,上市,金融保險業,ESVUFR
股票 ,2812,台中銀,1984/5/15,上市,金融保險業,ESVUFR
股票 ,2816,旺旺保,1992/5/5,上市,金融保險業,ESVUFR
股票 ,2820,華票,1994/10/26,上市,金融保險業,ESVUFR
股票 ,2832,台產,1997/9/30,上市,金融保險業,ESVUFR
股票 ,2834,臺企銀,1998/1/3,上市,金融保險業,ESVUFR
股票 ,2836,高雄銀,1998/5/18,上市,金融保險業,ESVUFR
股票 ,2838,聯邦銀,1998/6/29,上市,金融保險業,ESVUFR
股票 ,2845,遠東銀,1998/11/27,上市,金融保險業,ESVUFR
股票 ,2849,安泰銀,1999/9/27,上市,金融保險業,ESVUFR
股票 ,2850,新產,2000/5/22,上市,金融保險業,ESVUFR
股票 ,2851,中再保,2000/7/6,上市,金融保險業,ESVUFR
股票 ,2852,第一保,2000/11/28,上市,金融保險業,ESVUFR
股票 ,2855,統一證,2002/9/16,上市,金融保險業,ESVUFR
股票 ,2867,三商壽,2012/12/18,上市,金融保險業,ESVUFR
股票 ,2880,華南金,2001/12/19,上市,金融保險業,ESVUFR
股票 ,2881,富邦金,2001/12/19,上市,金融保險業,ESVUFR
股票 ,2882,國泰金,2001/12/31,上市,金融保險業,ESVUFR
股票 ,2883,凱基金,2001/12/28,上市,金融保險業,ESVUFR
股票 ,2884,玉山金,2002/1/28,上市,金融保險業,ESVUFR
股票 ,2885,元大金,2002/2/4,上市,金融保險業,ESVUFR
股票 ,2886,兆豐金,2002/2/4,上市,金融保險業,ESVUFR
股票 ,2887,台新新光金,2002/2/18,上市,金融保險業,ESVUFR
股票 ,2889,國票金,2002/3/26,上市,金融保險業,ESVUFR
股票 ,2890,永豐金,2002/5/9,上市,金融保險業,ESVUFR
股票 ,2891,中信金,2002/5/17,上市,金融保險業,ESVUFR
股票 ,2892,第一金,2003/1/2,上市,金融保險業,ESVUFR
股票 ,2897,王道銀行,2017/5/5,上市,金融保險業,ESVUFR
股票 ,2901,欣欣,1976/5/7,上市,貿易百貨業,ESVUFR
股票 ,2903,遠百,1978/10/11,上市,貿易百貨業,ESVUFR
股票 ,2904,匯僑,1983/1/5,上市,其他業,ESVUFR
股票 ,2905,三商,1988/9/19,上市,貿易百貨業,ESVUFR
股票 ,2906,高林,1989/12/26,上市,貿易百貨業,ESVUFR
股票 ,2908,特力,1993/2/18,上市,貿易百貨業,ESVUFR
股票 ,2910,統領,1996/12/30,上市,貿易百貨業,ESVUFR
股票 ,2911,麗嬰房,1997/1/18,上市,貿易百貨業,ESVUFR
股票 ,2912,統一超,1997/8/22,上市,貿易百貨業,ESVUFR
股票 ,2913,農林,1962/2/9,上市,貿易百貨業,ESVUFR
股票 ,2915,潤泰全,1977/7/20,上市,貿易百貨業,ESVUFR
股票 ,2923,鼎固-KY,2012/12/7,上市,建材營造業,ESVUFR
股票 ,2929,淘帝-KY,2013/12/30,上市,貿易百貨業,ESVUFR
股票 ,2939,永邑-KY,2018/1/11,上市,貿易百貨業,ESVUFR
股票 ,2945,三商家購,2021/11/30,上市,貿易百貨業,ESVUFR
股票 ,3002,歐格,2002/1/23,上市,電腦及週邊設備業,ESVUFR
股票 ,3003,健和興,2002/2/19,上市,電子零組件業,ESVUFR
股票 ,3004,豐達科,2002/2/25,上市,鋼鐵工業,ESVUFR
股票 ,3005,神基,2002/2/25,上市,電腦及週邊設備業,ESVUFR
股票 ,3006,晶豪科,2002/3/4,上市,半導體業,ESVUFR
股票 ,3008,大立光,2002/3/11,上市,光電業,ESVUFR
股票 ,3010,華立,2002/7/22,上市,電子通路業,ESVUFR
股票 ,3011,今皓,2002/7/22,上市,電子零組件業,ESVUFR
股票 ,3013,晟銘電,2002/9/16,上市,電腦及週邊設備業,ESVUFR
股票 ,3014,聯陽,2002/10/29,上市,半導體業,ESVUFR
股票 ,3015,全漢,2002/10/16,上市,電子零組件業,ESVUFR
股票 ,3016,嘉晶,2002/12/24,上市,半導體業,ESVUFR
股票 ,3017,奇鋐,2002/9/27,上市,電腦及週邊設備業,ESVUFR
股票 ,3018,隆銘綠能,2002/8/26,上市,其他電子業,ESVUFR
股票 ,3019,亞光,2002/8/26,上市,光電業,ESVUFR
股票 ,3021,鴻名,2002/8/26,上市,電子零組件業,ESVUFR
股票 ,3022,威強電,2002/8/26,上市,電腦及週邊設備業,ESVUFR
股票 ,3023,信邦,2002/8/26,上市,電子零組件業,ESVUFR
股票 ,3024,憶聲,2002/8/26,上市,光電業,ESVUFR
股票 ,3025,星通,2002/8/26,上市,通信網路業,ESVUFR
股票 ,3026,禾伸堂,2002/8/26,上市,電子零組件業,ESVUFR
股票 ,3027,盛達,2002/8/26,上市,通信網路業,ESVUFR
股票 ,3028,增你強,2002/8/26,上市,電子通路業,ESVUFR
股票 ,3029,零壹,2002/8/26,上市,資訊服務業,ESVUFR
股票 ,3030,德律,2002/10/29,上市,其他電子業,ESVUFR
股票 ,3031,佰鴻,2002/8/26,上市,光電業,ESVUFR
股票 ,3032,偉訓,2002/8/26,上市,電子零組件業,ESVUFR
股票 ,3033,威健,2002/8/26,上市,電子通路業,ESVUFR
股票 ,3034,聯詠,2002/8/26,上市,半導體業,ESVUFR
股票 ,3035,智原,2002/8/26,上市,半導體業,ESVUFR
股票 ,3036,文曄,2002/8/26,上市,電子通路業,ESVUFR
股票 ,3037,欣興,2002/8/26,上市,電子零組件業,ESVUFR
股票 ,3038,全台,2002/8/26,上市,光電業,ESVUFR
股票 ,3040,遠見,2002/8/26,上市,其他業,ESVUFR
股票 ,3041,揚智,2002/8/26,上市,半導體業,ESVUFR
股票 ,3042,晶技,2002/8/26,上市,電子零組件業,ESVUFR
股票 ,3043,科風,2002/8/26,上市,其他電子業,ESVUFR
股票 ,3044,健鼎,2002/8/26,上市,電子零組件業,ESVUFR
股票 ,3045,台灣大,2002/8/26,上市,通信網路業,ESVUFR
股票 ,3046,建碁,2002/8/26,上市,電腦及週邊設備業,ESVUFR
股票 ,3047,訊舟,2002/8/26,上市,通信網路業,ESVUFR
股票 ,3048,益登,2002/10/1,上市,電子通路業,ESVUFR
股票 ,3049,精金,2002/9/27,上市,光電業,ESVUFR
股票 ,3050,鈺德,2002/10/29,上市,光電業,ESVUFR
股票 ,3051,力特,2002/10/28,上市,光電業,ESVUFR
股票 ,3052,夆典,1995/11/25,上市,建材營造業,ESVUFR
股票 ,3054,立萬利,2002/11/18,上市,食品工業,ESVUFR
股票 ,3055,蔚華科,2002/12/12,上市,電子通路業,ESVUFR
股票 ,3056,富華新,2003/3/3,上市,建材營造業,ESVUFR
股票 ,3057,喬鼎,2002/12/18,上市,電腦及週邊設備業,ESVUFR
股票 ,3058,立德,2002/12/9,上市,電子零組件業,ESVUFR
股票 ,3059,華晶科,2002/12/24,上市,光電業,ESVUFR
股票 ,3060,銘異,2003/4/21,上市,電腦及週邊設備業,ESVUFR
股票 ,3062,建漢,2003/7/28,上市,通信網路業,ESVUFR
股票 ,3090,日電貿,2007/12/31,上市,電子零組件業,ESVUFR
股票 ,3092,鴻碩,2021/5/13,上市,電子零組件業,ESVUFR
股票 ,3094,聯傑,2007/8/6,上市,半導體業,ESVUFR
股票 ,3130,一零四,2006/2/17,上市,數位雲端,ESVUFR
股票 ,3135,凌航,2025/8/6,上市,半導體業,ESVUFR
股票 ,3138,耀登,2020/12/11,上市,通信網路業,ESVUFR
股票 ,3149,正達,2011/11/23,上市,光電業,ESVUFR
股票 ,3164,景岳,2010/3/22,上市,生技醫療業,ESVUFR
股票 ,3167,大量,2013/10/21,上市,電機機械,ESVUFR
股票 ,3168,眾福科,2024/3/26,上市,光電業,ESVUFR
股票 ,3189,景碩,2004/11/1,上市,半導體業,ESVUFR
股票 ,3209,全科,2008/11/26,上市,電子通路業,ESVUFR
股票 ,3229,晟鈦,2009/12/31,上市,電子零組件業,ESVUFR
股票 ,3231,緯創,2003/8/19,上市,電腦及週邊設備業,ESVUFR
股票 ,3257,虹冠電,2011/3/21,上市,半導體業,ESVUFR
股票 ,3266,昇陽,2014/12/24,上市,建材營造業,ESVUFR
股票 ,3296,勝德,2007/12/31,上市,電子零組件業,ESVUFR
股票 ,3305,昇貿,2008/7/10,上市,其他電子業,ESVUFR
股票 ,3308,聯德,2008/3/12,上市,電子零組件業,ESVUFR
股票 ,3311,閎暉,2004/3/8,上市,通信網路業,ESVUFR
股票 ,3312,弘憶股,2010/12/29,上市,電子通路業,ESVUFR
股票 ,3321,同泰,2015/12/15,上市,電子零組件業,ESVUFR
股票 ,3338,泰碩,2013/12/13,上市,電子零組件業,ESVUFR
股票 ,3346,麗清,2016/12/19,上市,汽車工業,ESVUFR
股票 ,3356,奇偶,2005/3/28,上市,光電業,ESVUFR
股票 ,3376,新日興,2007/12/31,上市,電子零組件業,ESVUFR
股票 ,3380,明泰,2004/12/20,上市,通信網路業,ESVUFR
股票 ,3406,玉晶光,2005/12/20,上市,光電業,ESVUFR
股票 ,3413,京鼎,2015/7/28,上市,半導體業,ESVUFR
股票 ,3416,融程電,2015/1/23,上市,電腦及週邊設備業,ESVUFR
股票 ,3419,譁裕,2008/1/21,上市,通信網路業,ESVUFR
股票 ,3432,台端,2010/12/30,上市,電子零組件業,ESVUFR
股票 ,3437,榮創,2014/7/9,上市,光電業,ESVUFR
股票 ,3443,創意,2006/11/3,上市,半導體業,ESVUFR
股票 ,3447,展達,2022/12/15,上市,通信網路業,ESVUFR
股票 ,3450,聯鈞,2006/4/12,上市,半導體業,ESVUFR
股票 ,3454,晶睿,2011/7/22,上市,光電業,ESVUFR
股票 ,3481,群創,2006/10/24,上市,光電業,ESVUFR
股票 ,3494,誠研,2007/12/13,上市,電腦及週邊設備業,ESVUFR
股票 ,3501,維熹,2007/9/20,上市,電子零組件業,ESVUFR
股票 ,3504,揚明光,2007/1/26,上市,光電業,ESVUFR
股票 ,3515,華擎,2007/11/8,上市,電腦及週邊設備業,ESVUFR
股票 ,3518,柏騰,2007/11/28,上市,其他電子業,ESVUFR
股票 ,3528,安馳,2016/5/18,上市,電子通路業,ESVUFR
股票 ,3530,晶相光,2018/7/16,上市,半導體業,ESVUFR
股票 ,3532,台勝科,2007/12/10,上市,半導體業,ESVUFR
股票 ,3533,嘉澤,2007/12/10,上市,電子零組件業,ESVUFR
股票 ,3535,晶彩科,2008/1/31,上市,光電業,ESVUFR
股票 ,3543,州巧,2020/4/15,上市,光電業,ESVUFR
股票 ,3545,敦泰,2007/7/3,上市,半導體業,ESVUFR
股票 ,3550,聯穎,2010/11/10,上市,電子零組件業,ESVUFR
股票 ,3557,嘉威,2008/2/27,上市,居家生活,ESVUFR
股票 ,3563,牧德,2019/4/2,上市,光電業,ESVUFR
股票 ,3576,聯合再生,2009/1/12,上市,光電業,ESVUFR
股票 ,3583,辛耘,2013/3/12,上市,半導體業,ESVUFR
股票 ,3588,通嘉,2009/8/14,上市,半導體業,ESVUFR
股票 ,3591,艾笛森,2010/11/12,上市,光電業,ESVUFR
股票 ,3592,瑞鼎,2022/1/7,上市,半導體業,ESVUFR
股票 ,3593,力銘,2009/3/16,上市,電子零組件業,ESVUFR
股票 ,3596,智易,2009/3/11,上市,通信網路業,ESVUFR
股票 ,3605,宏致,2009/3/26,上市,電子零組件業,ESVUFR
股票 ,3607,谷崧,2009/10/28,上市,電子零組件業,ESVUFR
股票 ,3617,碩天,2009/12/23,上市,其他電子業,ESVUFR
股票 ,3622,洋華,2009/3/25,上市,光電業,ESVUFR
股票 ,3645,達邁,2011/10/5,上市,電子零組件業,ESVUFR
股票 ,3652,精聯,2022/9/21,上市,電腦及週邊設備業,ESVUFR
股票 ,3653,健策,2009/11/18,上市,電子零組件業,ESVUFR
股票 ,3661,世芯-KY,2014/10/28,上市,半導體業,ESVUFR
股票 ,3665,貿聯-KY,2011/4/21,上市,其他電子業,ESVUFR
股票 ,3669,圓展,2011/8/25,上市,通信網路業,ESVUFR
股票 ,3673,TPK-KY,2010/10/29,上市,光電業,ESVTFR
股票 ,3679,新至陞,2011/10/5,上市,電子零組件業,ESVUFR
股票 ,3686,達能,2010/7/20,上市,半導體業,ESVUFR
股票 ,3694,海華,2011/5/3,上市,通信網路業,ESVUFR
股票 ,3701,大眾控,2004/8/30,上市,電腦及週邊設備業,ESVUFR
股票 ,3702,大聯大,2005/11/9,上市,電子通路業,ESVUFR
股票 ,3703,欣陸,2010/4/8,上市,建材營造業,ESVUFR
股票 ,3704,合勤控,2010/8/16,上市,通信網路業,ESVUFR
股票 ,3705,永信,2011/1/3,上市,生技醫療業,ESVUFR
股票 ,3706,神達,2013/9/12,上市,電腦及週邊設備業,ESVUFR
股票 ,3708,上緯投控,2016/8/31,上市,綠能環保,ESVUFR
股票 ,3711,日月光投控,2018/4/30,上市,半導體業,ESVUFR
股票 ,3712,永崴投控,2018/10/1,上市,電腦及週邊設備業,ESVUFR
股票 ,3714,富采,2021/1/6,上市,光電業,ESVUFR
股票 ,3715,定穎投控,2022/8/25,上市,電子零組件業,ESVUFR
股票 ,3716,中化控股,2024/9/2,上市,生技醫療業,ESVUFR
股票 ,3717,聯嘉投控,2018/5/9,上市,汽車工業,ESVUFR
股票 ,4104,佳醫,2007/12/31,上市,生技醫療業,ESVUFR
股票 ,4106,雃博,2004/11/8,上市,生技醫療業,ESVUFR
股票 ,4108,懷特,2008/7/16,上市,生技醫療業,ESVUFR
股票 ,4119,旭富,2004/1/7,上市,生技醫療業,ESVUFR
股票 ,4133,亞諾法,2009/12/28,上市,生技醫療業,ESVUFR
股票 ,4137,麗豐-KY,2013/11/27,上市,生技醫療業,ESVUFR
股票 ,4142,國光生,2012/5/3,上市,生技醫療業,ESVUFR
股票 ,4148,全宇生技-KY,2017/6/8,上市,生技醫療業,ESVUFR
股票 ,4155,訊映,2017/12/5,上市,生技醫療業,ESVUFR
股票 ,4164,承業醫,2012/10/24,上市,生技醫療業,ESVUFR
股票 ,4190,佐登-KY,2015/10/21,上市,生技醫療業,ESVUFR
股票 ,4306,炎洲,2008/1/21,上市,塑膠工業,ESVUFR
股票 ,4414,如興,2004/9/6,上市,紡織纖維,ESVUFR
股票 ,4426,利勤,2011/12/16,上市,紡織纖維,ESVUFR
股票 ,4438,廣越,2016/10/18,上市,紡織纖維,ESVUFR
股票 ,4439,冠星-KY,2019/12/5,上市,紡織纖維,ESVUFR
股票 ,4440,宜新實業,2021/10/25,上市,紡織纖維,ESVUFR
股票 ,4441,振大環球,2025/9/9,上市,紡織纖維,ESVUFR
股票 ,4526,東台,2003/9/15,上市,電機機械,ESVUFR
股票 ,4532,瑞智,2003/8/4,上市,電機機械,ESVUFR
股票 ,4536,拓凱,2013/10/9,上市,運動休閒,ESVUFR
股票 ,4540,全球傳動,2018/8/15,上市,電機機械,ESVUFR
股票 ,4545,銘鈺,2016/1/6,上市,電子零組件業,ESVUFR
股票 ,4551,智伸科,2015/8/10,上市,汽車工業,ESVUFR
股票 ,4552,力達-KY,2016/7/20,上市,電機機械,ESVUFR
股票 ,4555,氣立,2015/10/27,上市,電機機械,ESVUFR
股票 ,4557,永新-KY,2015/10/12,上市,汽車工業,ESVUFR
股票 ,4560,強信-KY,2017/5/26,上市,電機機械,ESVUFR
股票 ,4562,穎漢,2017/8/21,上市,電機機械,ESVUFR
股票 ,4564,元翎,2019/3/7,上市,電機機械,ESVUFR
股票 ,4566,時碩工業,2018/2/5,上市,電機機械,ESVUFR
股票 ,4569,六方科-KY,2023/7/31,上市,汽車工業,ESVUFR
股票 ,4571,鈞興-KY,2019/9/17,上市,電機機械,ESVUFR
股票 ,4572,駐龍,2019/9/10,上市,電機機械,ESVUFR
股票 ,4576,大銀微系統,2019/9/4,上市,電機機械,ESVUFR
股票 ,4581,光隆精密-KY,2020/3/9,上市,汽車工業,ESVUFR
股票 ,4583,台灣精銳,2022/5/9,上市,電機機械,ESVUFR
股票 ,4585,達明,2025/9/26,上市,其他電子業,ESVUFR
股票 ,4588,玖鼎電力,2024/1/29,上市,其他電子業,ESVUFR
股票 ,4720,德淵,2015/6/24,上市,化學工業,ESVUFR
股票 ,4722,國精化,2012/8/15,上市,化學工業,ESVUFR
股票 ,4736,泰博,2023/12/22,上市,生技醫療業,ESVUFR
股票 ,4737,華廣,2010/12/23,上市,生技醫療業,ESVUFR
股票 ,4739,康普,2017/9/8,上市,化學工業,ESVUFR
股票 ,4746,台耀,2011/3/1,上市,生技醫療業,ESVUFR
股票 ,4755,三福化,2013/11/27,上市,化學工業,ESVUFR
股票 ,4763,材料*-KY,2015/11/9,上市,化學工業,ESVUFR
股票 ,4764,雙鍵,2018/1/4,上市,化學工業,ESVUFR
股票 ,4766,南寶,2018/11/28,上市,化學工業,ESVUFR
股票 ,4770,上品,2021/12/22,上市,化學工業,ESVUFR
股票 ,4771,望隼,2024/3/18,上市,生技醫療業,ESVUFR
股票 ,4807,日成-KY,2017/6/26,上市,貿易百貨業,ESVUFR
股票 ,4904,遠傳,2005/8/24,上市,通信網路業,ESVUFR
股票 ,4906,正文,2003/6/30,上市,通信網路業,ESVUFR
股票 ,4912,聯德控股-KY,2015/5/21,上市,電子零組件業,ESVUFR
股票 ,4915,致伸,2012/10/5,上市,電子零組件業,ESVUFR
股票 ,4916,事欣科,2013/11/21,上市,電腦及週邊設備業,ESVUFR
股票 ,4919,新唐,2010/9/27,上市,半導體業,ESVUFR
股票 ,4927,泰鼎-KY,2015/9/8,上市,電子零組件業,ESVUFR
股票 ,4930,燦星網,2010/6/21,上市,電器電纜,ESVUFR
股票 ,4934,太極,2010/3/10,上市,光電業,ESVUFR
股票 ,4935,茂林-KY,2011/7/28,上市,光電業,ESVUFR
股票 ,4938,和碩,2010/6/24,上市,電腦及週邊設備業,ESVUFR
股票 ,4942,嘉彰,2011/6/27,上市,光電業,ESVUFR
股票 ,4943,康控-KY,2016/11/11,上市,電子零組件業,ESVUFR
股票 ,4949,有成精密,2024/5/9,上市,光電業,ESVUFR
股票 ,4952,凌通,2011/11/1,上市,半導體業,ESVUFR
股票 ,4956,光鋐,2011/10/24,上市,光電業,ESVUFR
股票 ,4958,臻鼎-KY,2011/12/26,上市,電子零組件業,ESVUFR
股票 ,4960,誠美材,2011/10/24,上市,光電業,ESVUFR
股票 ,4961,天鈺,2018/10/17,上市,半導體業,ESVUFR
股票 ,4967,十銓,2019/1/14,上市,半導體業,ESVUFR
股票 ,4968,立積,2015/11/13,上市,半導體業,ESVUFR
股票 ,4976,佳凌,2012/11/20,上市,光電業,ESVUFR
股票 ,4977,眾達-KY,2013/11/20,上市,通信網路業,ESVUFR
股票 ,4989,榮科,2018/6/28,上市,電子零組件業,ESVUFR
股票 ,4994,傳奇,2013/12/25,上市,資訊服務業,ESVUFR
股票 ,4999,鑫禾,2013/6/3,上市,電子零組件業,ESVUFR
股票 ,5007,三星,2011/9/16,上市,鋼鐵工業,ESVUFR
股票 ,5203,訊連,2004/9/27,上市,資訊服務業,ESVUFR
股票 ,5215,科嘉-KY,2011/12/26,上市,電腦及週邊設備業,ESVUFR
股票 ,5222,全訊,2021/10/25,上市,半導體業,ESVUFR
股票 ,5225,東科-KY,2012/11/5,上市,其他電子業,ESVUFR
股票 ,5234,達興材料,2012/7/16,上市,光電業,ESVUFR
股票 ,5243,乙盛-KY,2013/11/25,上市,光電業,ESVUFR
股票 ,5244,弘凱,2022/1/19,上市,光電業,ESVUFR
股票 ,5258,虹堡,2016/12/30,上市,電腦及週邊設備業,ESVUFR
股票 ,5269,祥碩,2012/12/12,上市,半導體業,ESVUFR
股票 ,5283,禾聯碩,2019/5/24,上市,電器電纜,ESVUFR
股票 ,5284,jpp-KY,2017/3/9,上市,其他業,ESVUFR
股票 ,5285,界霖,2014/2/25,上市,半導體業,ESVUFR
股票 ,5288,豐祥-KY,2014/9/25,上市,電機機械,ESVUFR
股票 ,5292,華懋,2020/1/7,上市,綠能環保,ESVUFR
股票 ,5306,桂盟,2022/3/8,上市,運動休閒,ESVUFR
股票 ,5388,中磊,2007/12/3,上市,通信網路業,ESVUFR
股票 ,5434,崇越,2003/8/25,上市,電子通路業,ESVUFR
股票 ,5469,瀚宇博,2003/8/25,上市,電子零組件業,ESVUFR
股票 ,5471,松翰,2003/8/25,上市,半導體業,ESVUFR
股票 ,5484,慧友,2003/8/25,上市,光電業,ESVUFR
股票 ,5515,建國,2003/10/6,上市,建材營造業,ESVUFR
股票 ,5519,隆大,2014/2/10,上市,建材營造業,ESVUFR
股票 ,5521,工信,2012/12/18,上市,建材營造業,ESVUFR
股票 ,5522,遠雄,2007/8/6,上市,建材營造業,ESVUFR
股票 ,5525,順天,2004/11/26,上市,建材營造業,ESVUFR
股票 ,5531,鄉林,2005/1/31,上市,建材營造業,ESVUFR
股票 ,5533,皇鼎,2008/4/30,上市,建材營造業,ESVUFR
股票 ,5534,長虹,2004/5/24,上市,建材營造業,ESVUFR
股票 ,5538,東明-KY,2013/12/16,上市,鋼鐵工業,ESVUFR
股票 ,5546,永固-KY,2020/5/20,上市,建材營造業,ESVUFR
股票 ,5607,遠雄港,2004/12/2,上市,航運業,ESVUFR
股票 ,5608,四維航,2003/8/25,上市,航運業,ESVUFR
股票 ,5706,鳳凰,2011/10/21,上市,觀光餐旅,ESVUFR
股票 ,5871,中租-KY,2011/12/13,上市,其他業,ESVUFR
股票 ,5876,上海商銀,2018/10/19,上市,金融保險業,ESVUFR
股票 ,5880,合庫金,2011/12/1,上市,金融保險業,ESVUFR
股票 ,5906,台南-KY,2011/10/24,上市,貿易百貨業,ESVUFR
股票 ,5907,大洋-KY,2012/6/6,上市,貿易百貨業,ESVUFR
股票 ,6005,群益證,2005/11/21,上市,金融保險業,ESVUFR
股票 ,6024,群益期,2017/10/16,上市,金融保險業,ESVUFR
股票 ,6108,競國,2008/12/30,上市,電子零組件業,ESVUFR
股票 ,6112,邁達特,2003/8/4,上市,資訊服務業,ESVUFR
股票 ,6115,鎰勝,2004/7/19,上市,電子零組件業,ESVUFR
股票 ,6116,彩晶,2004/9/6,上市,光電業,ESVUFR
股票 ,6117,迎廣,2003/8/25,上市,電腦及週邊設備業,ESVUFR
股票 ,6120,達運,2006/9/13,上市,光電業,ESVUFR
股票 ,6128,上福,2003/6/16,上市,電腦及週邊設備業,ESVUFR
股票 ,6133,金橋,2003/8/15,上市,電子零組件業,ESVUFR
股票 ,6136,富爾特,2003/8/25,上市,通信網路業,ESVUFR
股票 ,6139,亞翔,2003/8/25,上市,其他電子業,ESVUFR
股票 ,6141,柏承,2003/10/22,上市,電子零組件業,ESVUFR
股票 ,6142,友勁,2003/8/4,上市,通信網路業,ESVUFR
股票 ,6152,百一,2009/12/8,上市,通信網路業,ESVUFR
股票 ,6153,嘉聯益,2008/1/21,上市,電子零組件業,ESVUFR
股票 ,6155,鈞寶,2006/8/18,上市,電子零組件業,ESVUFR
股票 ,6164,華興,2008/10/21,上市,光電業,ESVUFR
股票 ,6165,浪凡,2003/8/4,上市,數位雲端,ESVUFR
股票 ,6166,凌華,2004/11/8,上市,電腦及週邊設備業,ESVUFR
股票 ,6168,宏齊,2003/8/25,上市,光電業,ESVUFR
股票 ,6176,瑞儀,2007/5/15,上市,光電業,ESVUFR
股票 ,6177,達麗,2013/8/1,上市,建材營造業,ESVUFR
股票 ,6183,關貿,2011/12/1,上市,資訊服務業,ESVUFR
股票 ,6184,大豐電,2005/2/15,上市,其他業,ESVUFR
股票 ,6189,豐藝,2004/5/24,上市,電子通路業,ESVUFR
股票 ,6191,精成科,2007/10/19,上市,電子零組件業,ESVUFR
股票 ,6192,巨路,2004/9/27,上市,其他電子業,ESVUFR
股票 ,6196,帆宣,2004/5/24,上市,其他電子業,ESVUFR
股票 ,6197,佳必琪,2004/11/8,上市,電子零組件業,ESVUFR
股票 ,6201,亞弘電,2004/9/27,上市,其他電子業,ESVUFR
股票 ,6202,盛群,2004/9/27,上市,半導體業,ESVUFR
股票 ,6205,詮欣,2008/1/21,上市,電子零組件業,ESVUFR
股票 ,6206,飛捷,2004/8/3,上市,電腦及週邊設備業,ESVUFR
股票 ,6209,今國光,2004/11/8,上市,光電業,ESVUFR
股票 ,6213,聯茂,2008/1/21,上市,電子零組件業,ESVUFR
股票 ,6214,精誠,2010/12/30,上市,資訊服務業,ESVUFR
股票 ,6215,和椿,2007/12/31,上市,其他電子業,ESVUFR
股票 ,6216,居易,2004/9/27,上市,通信網路業,ESVUFR
股票 ,6224,聚鼎,2009/9/17,上市,電子零組件業,ESVUFR
股票 ,6225,天瀚,2004/9/27,上市,光電業,ESVUFR
股票 ,6226,光鼎,2008/11/10,上市,光電業,ESVUFR
股票 ,6230,尼得科超眾,2010/9/16,上市,電腦及週邊設備業,ESVUFR
股票 ,6235,華孚,2004/8/23,上市,電腦及週邊設備業,ESVUFR
股票 ,6239,力成,2004/11/8,上市,半導體業,ESVUFR
股票 ,6243,迅杰,2009/12/17,上市,半導體業,ESVUFR
股票 ,6257,矽格,2003/8/25,上市,半導體業,ESVUFR
股票 ,6269,台郡,2003/9/23,上市,電子零組件業,ESVUFR
股票 ,6271,同欣電,2007/11/16,上市,半導體業,ESVUFR
股票 ,6277,宏正,2003/10/30,上市,電腦及週邊設備業,ESVUFR
股票 ,6278,台表科,2010/8/24,上市,光電業,ESVUFR
股票 ,6281,全國電,2005/12/8,上市,電子通路業,ESVUFR
股票 ,6282,康舒,2003/9/8,上市,電子零組件業,ESVUFR
股票 ,6283,淳安,2008/1/21,上市,其他電子業,ESVUFR
股票 ,6285,啟碁,2003/9/22,上市,通信網路業,ESVUFR
股票 ,6405,悅城,2013/11/28,上市,光電業,ESVUFR
股票 ,6409,旭隼,2014/3/31,上市,其他電子業,ESVUFR
股票 ,6412,群電,2013/11/8,上市,電子零組件業,ESVUFR
股票 ,6414,樺漢,2014/3/28,上市,電腦及週邊設備業,ESVUFR
股票 ,6415,矽力*-KY,2013/12/12,上市,半導體業,ESVUFR
股票 ,6416,瑞祺電通,2018/4/16,上市,通信網路業,ESVUFR
股票 ,6426,統新,2021/3/24,上市,通信網路業,ESVUFR
股票 ,6431,光麗-KY,2014/12/4,上市,生技醫療業,ESVUFR
股票 ,6438,迅得,2021/1/19,上市,其他電子業,ESVUFR
股票 ,6442,光聖,2015/7/14,上市,通信網路業,ESVUFR
股票 ,6443,元晶,2015/10/1,上市,光電業,ESVUFR
股票 ,6446,藥華藥,2024/1/25,上市,生技醫療業,ESVUFR
股票 ,6449,鈺邦,2014/12/9,上市,電子零組件業,ESVUFR
股票 ,6451,訊芯-KY,2015/1/26,上市,半導體業,ESVUFR
股票 ,6456,GIS-KY,2015/6/12,上市,光電業,ESVUFR
股票 ,6464,台數科,2015/12/16,上市,其他業,ESVUFR
股票 ,6472,保瑞,2023/12/19,上市,生技醫療業,ESVUFR
股票 ,6477,安集,2016/6/21,上市,光電業,ESVUFR
股票 ,6491,晶碩,2019/10/7,上市,生技醫療業,ESVUFR
股票 ,6504,南六,2013/5/7,上市,其他業,ESVUFR
股票 ,6505,台塑化,2003/12/26,上市,油電燃氣業,ESVUFR
股票 ,6515,穎崴,2021/1/20,上市,半導體業,ESVUFR
股票 ,6525,捷敏-KY,2016/4/12,上市,半導體業,ESVUFR
股票 ,6526,達發,2023/10/19,上市,半導體業,ESVUFR
股票 ,6531,愛普*,2016/5/31,上市,半導體業,ESVUFR
股票 ,6533,晶心科,2017/3/14,上市,半導體業,ESVUFR
股票 ,6541,泰福-KY,2017/10/26,上市,生技醫療業,ESVUFR
股票 ,6550,北極星藥業-KY,2022/6/6,上市,生技醫療業,ESVUFR
股票 ,6552,易華電,2017/1/10,上市,半導體業,ESVUFR
股票 ,6558,興能高,2018/12/5,上市,其他電子業,ESVUFR
股票 ,6573,虹揚-KY,2017/9/26,上市,半導體業,ESVUFR
股票 ,6579,研揚,2017/8/21,上市,電腦及週邊設備業,ESVUFR
股票 ,6581,鋼聯,2018/1/30,上市,綠能環保,ESVUFR
股票 ,6582,申豐,2017/6/14,上市,橡膠工業,ESVUFR
股票 ,6585,鼎基,2022/5/20,上市,其他業,ESVUFR
股票 ,6589,台康生技,2025/7/21,上市,生技醫療業,ESVUFR
股票 ,6591,動力-KY,2017/12/28,上市,電腦及週邊設備業,ESVUFR
股票 ,6592,和潤企業,2019/12/9,上市,其他業,ESVUFR
股票 ,6598,ABC-KY,2020/6/9,上市,生技醫療業,ESVUFR
股票 ,6605,帝寶,2004/3/17,上市,汽車工業,ESVUFR
股票 ,6606,建德工業,2023/3/24,上市,電機機械,ESVUFR
股票 ,6614,資拓宏宇,2025/11/25,上市,數位雲端,ESVUFR
股票 ,6625,必應,2018/2/7,上市,其他業,ESVUFR
股票 ,6641,基士德-KY,2018/9/21,上市,綠能環保,ESVUFR
股票 ,6655,科定,2018/11/28,上市,其他業,ESVUFR
股票 ,6657,華安,2023/6/12,上市,生技醫療業,ESVUFR
股票 ,6658,聯策,2023/11/2,上市,其他電子業,ESVUFR
股票 ,6666,羅麗芬-KY,2018/11/19,上市,生技醫療業,ESVUFR
股票 ,6668,中揚光,2018/12/12,上市,光電業,ESVUFR
股票 ,6669,緯穎,2019/3/27,上市,電腦及週邊設備業,ESVUFR
股票 ,6670,復盛應用,2018/12/18,上市,運動休閒,ESVUFR
股票 ,6671,三能-KY,2018/12/11,上市,居家生活,ESVUFR
股票 ,6672,騰輝電子-KY,2019/4/17,上市,電子零組件業,ESVUFR
股票 ,6674,鋐寶科技,2018/11/28,上市,通信網路業,ESVUFR
股票 ,6689,伊雲谷,2022/9/13,上市,數位雲端,ESVUFR
股票 ,6691,洋基工程,2022/1/3,上市,其他電子業,ESVUFR
股票 ,6695,芯鼎,2022/11/4,上市,半導體業,ESVUFR
股票 ,6698,旭暉應材,2019/11/25,上市,其他電子業,ESVUFR
股票 ,6706,惠特,2019/12/19,上市,光電業,ESVUFR
股票 ,6715,嘉基,2019/12/12,上市,電子零組件業,ESVUFR
股票 ,6719,力智,2022/1/13,上市,半導體業,ESVUFR
股票 ,6742,澤米,2023/12/5,上市,光電業,ESVUFR
股票 ,6743,安普新,2020/12/14,上市,其他電子業,ESVUFR
股票 ,6753,龍德造船,2023/3/10,上市,航運業,ESVUFR
股票 ,6754,匯僑設計,2020/8/25,上市,居家生活,ESVUFR
股票 ,6756,威鋒電子,2020/12/24,上市,半導體業,ESVUFR
股票 ,6757,台灣虎航,2024/11/29,上市,航運業,ESVUFR
股票 ,6768,志強-KY,2021/4/22,上市,運動休閒,ESVUFR
股票 ,6770,力積電,2021/12/6,上市,半導體業,ESVUFR
股票 ,6776,展碁國際,2021/3/31,上市,電子通路業,ESVUFR
股票 ,6781,AES-KY,2021/3/22,上市,電子零組件業,ESVUFR
股票 ,6782,視陽,2022/11/28,上市,生技醫療業,ESVUFR
股票 ,6789,采鈺,2022/6/30,上市,半導體業,ESVUFR
股票 ,6790,永豐實,2021/9/29,上市,造紙工業,ESVUFR
股票 ,6792,詠業,2021/12/8,上市,通信網路業,ESVUFR
股票 ,6794,向榮生技,2025/10/16,上市,生技醫療業,ESVUFR
股票 ,6796,晉弘,2022/6/1,上市,生技醫療業,ESVUFR
股票 ,6799,來頡,2022/5/12,上市,半導體業,ESVUFR
股票 ,6805,富世達,2023/11/9,上市,電子零組件業,ESVUFR
股票 ,6806,森崴能源,2021/11/15,上市,綠能環保,ESVUFR
股票 ,6807,峰源-KY,2022/4/25,上市,居家生活,ESVUFR
股票 ,6830,汎銓,2022/8/31,上市,其他電子業,ESVUFR
股票 ,6831,邁科,2025/11/25,上市,電腦及週邊設備業,ESVUFR
股票 ,6834,天二科技,2022/9/1,上市,電子零組件業,ESVUFR
股票 ,6835,圓裕,2022/11/10,上市,電子零組件業,ESVUFR
股票 ,6838,台新藥,2024/8/13,上市,生技醫療業,ESVUFR
股票 ,6861,睿生光電,2023/3/27,上市,生技醫療業,ESVUFR
股票 ,6862,三集瑞-KY,2024/10/23,上市,電子零組件業,ESVUFR
股票 ,6863,永道-KY,2023/3/21,上市,通信網路業,ESVUFR
股票 ,6869,雲豹能源,2024/6/19,上市,綠能環保,ESVUFR
股票 ,6873,泓德能源,2024/9/26,上市,綠能環保,ESVUFR
股票 ,6885,全福生技,2024/12/16,上市,生技醫療業,ESVUFR
股票 ,6887,寶綠特-KY,2025/3/10,上市,綠能環保,ESVUFR
股票 ,6890,來億-KY,2024/6/12,上市,運動休閒,ESVUFR
股票 ,6901,鑽石投資,2023/9/19,上市,其他業,ESVUFR
股票 ,6902,GOGOLOOK,2025/5/16,上市,數位雲端,ESVUFR
股票 ,6906,現觀科,2024/1/15,上市,數位雲端,ESVUFR
股票 ,6909,創控,2025/5/21,上市,半導體業,ESVUFR
股票 ,6914,阜爾運通,2024/5/3,上市,其他業,ESVUFR
股票 ,6916,華凌,2023/12/5,上市,光電業,ESVUFR
股票 ,6918,愛派司,2025/6/10,上市,生技醫療業,ESVUFR
股票 ,6919,康霈*,2024/10/2,上市,生技醫療業,ESVUFR
股票 ,6923,中台,2024/9/25,上市,綠能環保,ESVUFR
股票 ,6928,攸泰科技,2024/5/16,上市,電腦及週邊設備業,ESVUFR
股票 ,6931,青松健康,2025/1/15,上市,生技醫療業,ESVUFR
股票 ,6933,AMAX-KY,2023/11/8,上市,電腦及週邊設備業,ESVUFR
股票 ,6936,永鴻生技,2025/4/28,上市,生技醫療業,ESVUFR
股票 ,6937,天虹,2023/12/12,上市,半導體業,ESVUFR
股票 ,6944,兆聯實業,2025/5/28,上市,綠能環保,ESVUFR
股票 ,6952,大武山,2024/6/13,上市,其他業,ESVUFR
股票 ,6957,裕慶-KY,2024/6/25,上市,其他業,ESVUFR
股票 ,6958,日盛台駿,2024/8/20,上市,其他業,ESVUFR
股票 ,6962,奕力-KY,2024/11/26,上市,半導體業,ESVUFR
股票 ,6965,中傑-KY,2025/3/7,上市,運動休閒,ESVUFR
股票 ,6994,富威電力,2025/1/15,上市,綠能環保,ESVUFR
股票 ,7705,三商餐飲,2024/11/26,上市,觀光餐旅,ESVUFR
股票 ,7711,永擎,2025/11/19,上市,電腦及週邊設備業,ESVUFR
股票 ,7721,微程式,2025/7/29,上市,數位雲端,ESVUFR
股票 ,7722,LINEPAY,2024/12/5,上市,數位雲端,ESVUFR
股票 ,7732,金興精密,2025/1/14,上市,汽車工業,ESVUFR
股票 ,7736,虎山,2025/3/18,上市,汽車工業,ESVUFR
股票 ,7749,意騰-KY,2025/6/13,上市,半導體業,ESVUFR
股票 ,7750,新代,2025/9/17,上市,電機機械,ESVUFR
股票 ,7765,中華資安,2025/9/8,上市,數位雲端,ESVUFR
股票 ,7769,鴻勁,2025/11/27,上市,半導體業,ESVUFR
股票 ,7780,大研生醫,2025/9/9,上市,食品工業,ESVUFR
股票 ,7786,東方風能,2025/11/18,上市,綠能環保,ESVUFR
股票 ,7788,松川精密,2025/10/16,上市,電子零組件業,ESVUFR
股票 ,7791,皇家可口,2025/10/28,上市,食品工業,ESVUFR
股票 ,7799,禾榮科,2025/9/15,上市,生技醫療業,ESVUFR
股票 ,8011,台通,2011/9/19,上市,通信網路業,ESVUFR
股票 ,8016,矽創,2003/12/25,上市,半導體業,ESVUFR
股票 ,8021,尖點,2008/1/21,上市,其他電子業,ESVUFR
股票 ,8028,昇陽半導體,2018/7/10,上市,半導體業,ESVUFR
股票 ,8033,雷虎,2007/6/21,上市,其他業,ESVUFR
股票 ,8039,台虹,2009/12/17,上市,電子零組件業,ESVUFR
股票 ,8045,達運光電,2024/12/11,上市,通信網路業,ESVUFR
股票 ,8046,南電,2006/4/7,上市,電子零組件業,ESVUFR
股票 ,8070,長華*,2007/12/31,上市,電子通路業,ESVUFR
股票 ,8072,陞泰,2005/8/19,上市,電子通路業,ESVUFR
股票 ,8081,致新,2008/12/30,上市,半導體業,ESVUFR
股票 ,8101,華冠,2004/7/1,上市,通信網路業,ESVUFR
股票 ,8103,瀚荃,2009/9/29,上市,電子零組件業,ESVUFR
股票 ,8104,錸寶,2019/1/17,上市,光電業,ESVUFR
股票 ,8105,凌巨,2006/12/27,上市,光電業,ESVUFR
股票 ,8110,華東,2007/10/31,上市,半導體業,ESVUFR
股票 ,8112,至上,2007/12/31,上市,電子通路業,ESVUFR
股票 ,8114,振樺電,2012/11/26,上市,電腦及週邊設備業,ESVUFR
股票 ,8131,福懋科,2007/11/29,上市,半導體業,ESVUFR
股票 ,8150,南茂,2014/4/11,上市,半導體業,ESVUFR
股票 ,8163,達方,2007/11/28,上市,電腦及週邊設備業,ESVUFR
股票 ,8201,無敵,2007/10/29,上市,其他電子業,ESVUFR
股票 ,8210,勤誠,2011/12/1,上市,電腦及週邊設備業,ESVUFR
股票 ,8213,志超,2009/12/25,上市,電子零組件業,ESVUFR
股票 ,8215,明基材,2010/11/12,上市,光電業,ESVUFR
股票 ,8222,寶一,2015/1/27,上市,電機機械,ESVUFR
股票 ,8249,菱光,2005/5/17,上市,電子零組件業,ESVUFR
股票 ,8261,富鼎,2009/12/11,上市,半導體業,ESVUFR
股票 ,8271,宇瞻,2010/12/29,上市,半導體業,ESVUFR
股票 ,8341,日友,2015/3/23,上市,綠能環保,ESVUFR
股票 ,8367,建新國際,2018/9/12,上市,航運業,ESVUFR
股票 ,8374,羅昇,2008/12/25,上市,電機機械,ESVUFR
股票 ,8404,百和興業-KY,2011/5/18,上市,其他業,ESVUFR
股票 ,8411,福貞-KY,2011/11/1,上市,其他業,ESVUFR
股票 ,8422,可寧衛*,2011/10/5,上市,綠能環保,ESVUFR
股票 ,8429,金麗-KY,2012/12/20,上市,貿易百貨業,ESVUFR
股票 ,8438,昶昕,2022/3/11,上市,綠能環保,ESVUFR
股票 ,8442,威宏-KY,2016/11/8,上市,其他業,ESVUFR
股票 ,8443,阿瘦,2014/9/15,上市,貿易百貨業,ESVUFR
股票 ,8454,富邦媒,2014/12/19,上市,數位雲端,ESVUFR
股票 ,8462,柏文,2019/3/15,上市,運動休閒,ESVUFR
股票 ,8463,潤泰材,2015/7/13,上市,其他業,ESVUFR
股票 ,8464,億豐,2015/12/22,上市,居家生活,ESVUFR
股票 ,8466,美吉吉-KY,2016/11/1,上市,其他業,ESVUFR
股票 ,8467,波力-KY,2015/12/15,上市,運動休閒,ESVUFR
股票 ,8473,山林水,2016/9/8,上市,綠能環保,ESVUFR
股票 ,8476,台境*,2023/10/31,上市,綠能環保,ESVUFR
股票 ,8478,東哥遊艇,2017/12/11,上市,運動休閒,ESVUFR
股票 ,8481,政伸,2017/2/24,上市,其他業,ESVUFR
股票 ,8482,商億-KY,2018/8/15,上市,居家生活,ESVUFR
股票 ,8488,吉源-KY,2016/12/13,上市,其他業,ESVUFR
股票 ,8499,鼎炫-KY,2017/11/24,上市,其他電子業,ESVUFR
股票 ,8926,台汽電,2003/8/25,上市,油電燃氣業,ESVUFR
股票 ,8940,新天地,2009/5/15,上市,觀光餐旅,ESVUFR
股票 ,8996,高力,2014/2/14,上市,電機機械,ESVUFR
股票 ,9802,鈺齊-KY,2012/10/18,上市,運動休閒,ESVUFR
股票 ,9902,台火,1964/7/14,上市,其他業,ESVUFR
股票 ,9904,寶成,1990/1/19,上市,運動休閒,ESVUFR
股票 ,9905,大華,1990/8/8,上市,其他業,ESVUFR
股票 ,9906,欣巴巴,1990/12/15,上市,建材營造業,ESVUFR
股票 ,9907,統一實,1991/1/29,上市,其他業,ESVUFR
股票 ,9908,大台北,1991/2/6,上市,油電燃氣業,ESVUFR
股票 ,9910,豐泰,1992/2/18,上市,運動休閒,ESVUFR
股票 ,9911,櫻花,1992/7/16,上市,居家生活,ESVUFR
股票 ,9912,偉聯,1992/8/8,上市,電腦及週邊設備業,ESVUFR
股票 ,9914,美利達,1992/9/30,上市,運動休閒,ESVUFR
股票 ,9917,中保科,1993/12/8,上市,其他業,ESVUFR
股票 ,9918,欣天然,1994/4/26,上市,油電燃氣業,ESVUFR
股票 ,9919,康那香,1994/11/4,上市,其他業,ESVUFR
股票 ,9921,巨大,1994/12/29,上市,運動休閒,ESVUFR
股票 ,9924,福興,1995/3/15,上市,居家生活,ESVUFR
股票 ,9925,新保,1995/12/9,上市,其他業,ESVUFR
股票 ,9926,新海,1998/4/8,上市,油電燃氣業,ESVUFR
股票 ,9927,泰銘,1999/3/12,上市,其他業,ESVUFR
股票 ,9928,中視,1999/8/9,上市,其他業,ESVUFR
股票 ,9929,秋雨,1999/6/28,上市,其他業,ESVUFR
股票 ,9930,中聯資源,1999/11/22,上市,綠能環保,ESVUFR
股票 ,9931,欣高,2000/3/21,上市,油電燃氣業,ESVUFR
股票 ,9933,中鼎,1993/5/28,上市,其他業,ESVUFR
股票 ,9934,成霖,2000/9/11,上市,居家生活,ESVUFR
股票 ,9935,慶豐富,2000/9/11,上市,居家生活,ESVUFR
股票 ,9937,全國,2000/9/11,上市,油電燃氣業,ESVUFR
股票 ,9938,百和,2001/1/12,上市,其他業,ESVUFR
股票 ,9939,宏全,2001/3/2,上市,其他業,ESVUFR
股票 ,9940,信義,2001/9/17,上市,其他業,ESVUFR
股票 ,9941,裕融,2001/9/17,上市,其他業,ESVUFR
股票 ,9942,茂順,2002/1/28,上市,其他業,ESVUFR
股票 ,9943,好樂迪,2002/8/26,上市,觀光餐旅,ESVUFR
股票 ,9944,新麗,2002/8/26,上市,其他業,ESVUFR
股票 ,9945,潤泰新,1992/4/30,上市,其他業,ESVUFR
股票 ,9946,三發地產,2013/9/17,上市,建材營造業,ESVUFR
股票 ,9955,佳龍,2008/1/21,上市,綠能環保,ESVUFR
股票 ,9958,世紀鋼,2008/3/12,上市,鋼鐵工業,ESVUFR
ETF,0050,元大台灣50,2003/6/30,上市,,CEOGEU
ETF,0051,元大中型100,2006/8/31,上市,,CEOGEU
ETF,0052,富邦科技,2006/9/12,上市,,CEOGEU
ETF,0053,元大電子,2007/7/16,上市,,CEOGEU
ETF,0055,元大MSCI金融,2007/7/16,上市,,CEOGEU
ETF,0056,元大高股息,2007/12/26,上市,,CEOGEU
ETF,0057,富邦摩台,2008/2/27,上市,,CEOGEU
ETF,0061,元大寶滬深,2009/8/17,上市,,CEOGEU
ETF,006203,元大MSCI台灣,2011/5/12,上市,,CEOGEU
ETF,006204,永豐臺灣加權,2011/9/28,上市,,CEOGEU
ETF,006205,富邦上証,2011/9/26,上市,,CEOGEU
ETF,006206,元大上證50,2012/5/11,上市,,CEOGEU
ETF,006207,復華滬深,2012/6/22,上市,,CEOGEU
ETF,006208,富邦台50,2012/7/17,上市,,CEOGEU
ETF,00625K,富邦上証+R,2016/8/8,上市,,CEOGEU
ETF,00631L,元大台灣50正2,2014/10/31,上市,,CEOGDU
ETF,00632R,元大台灣50反1,2014/10/31,上市,,CEOGDU
ETF,00633L,富邦上証正2,2014/11/25,上市,,CEOGDU
ETF,00634R,富邦上証反1,2014/11/25,上市,,CEOGDU
ETF,00635U,期元大S&P黃金,2015/4/15,上市,,CEOGDU
ETF,00636,國泰中國A50,2015/4/1,上市,,CEOGEU
ETF,00636K,國泰中國A50+U,2017/10/24,上市,,CEOGEU
ETF,00637L,元大滬深300正2,2015/5/18,上市,,CEOGDU
ETF,00638R,元大滬深300反1,2015/5/18,上市,,CEOGDU
ETF,00639,富邦深100,2015/6/9,上市,,CEOGEU
ETF,00640L,富邦日本正2,2015/9/10,上市,,CEOGDU
ETF,00641R,富邦日本反1,2015/9/10,上市,,CEOGDU
ETF,00642U,期元大S&P石油,2015/9/7,上市,,CEOGDU
ETF,00643,群益深証中小,2015/12/2,上市,,CEOGEU
ETF,00643K,群益深証中小+R,2016/8/26,上市,,CEOGEU
ETF,00645,富邦日本,2015/11/6,上市,,CEOGEU
ETF,00646,元大S&P500,2015/12/14,上市,,CEOGEU
ETF,00647L,元大S&P500正2,2015/12/14,上市,,CEOGDU
ETF,00648R,元大S&P500反1,2015/12/14,上市,,CEOGDU
ETF,00650L,復華香港正2,2016/1/27,上市,,CEOGDU
ETF,00651R,復華香港反1,2016/1/27,上市,,CEOGDU
ETF,00652,富邦印度,2016/3/29,上市,,CEOGEU
ETF,00653L,富邦印度正2,2016/3/29,上市,,CEOGEU
ETF,00654R,富邦印度反1,2016/3/29,上市,,CEOGEU
ETF,00655L,國泰中國A50正2,2016/3/18,上市,,CEOGDU
ETF,00656R,國泰中國A50反1,2016/3/18,上市,,CEOGDU
ETF,00657,國泰日經225,2016/5/9,上市,,CEOGEU
ETF,00657K,國泰日經225+U,2017/10/24,上市,,CEOGEU
ETF,00660,元大歐洲50,2016/7/15,上市,,CEOGEU
ETF,00661,元大日經225,2016/7/15,上市,,CEOGEU
ETF,00662,富邦NASDAQ,2016/6/24,上市,,CEOGEU
ETF,00663L,國泰臺灣加權正2,2016/7/14,上市,,CEOGDU
ETF,00664R,國泰臺灣加權反1,2016/7/14,上市,,CEOGDU
ETF,00665L,富邦恒生國企正2,2016/8/5,上市,,CEOGDU
ETF,00666R,富邦恒生國企反1,2016/8/5,上市,,CEOGDU
ETF,00668,國泰美國道瓊,2016/10/17,上市,,CEOGEU
ETF,00668K,國泰美國道瓊+U,2017/10/24,上市,,CEOGEU
ETF,00669R,國泰美國道瓊反1,2016/10/17,上市,,CEOGEU
ETF,00670L,富邦NASDAQ正2,2017/2/21,上市,,CEOGDU
ETF,00671R,富邦NASDAQ反1,2017/2/21,上市,,CEOGDU
ETF,00673R,期元大S&P原油反1,2016/10/7,上市,,CEOGDU
ETF,00674R,期元大S&P黃金反1,2016/10/7,上市,,CEOGDU
ETF,00675L,富邦臺灣加權正2,2016/10/5,上市,,CEOGDU
ETF,00676R,富邦臺灣加權反1,2016/10/5,上市,,CEOGDU
ETF,00678,群益那斯達克生技,2017/1/9,上市,,CEOGEU
ETF,00680L,元大美債20正2,2017/1/17,上市,,CEOGDU
ETF,00681R,元大美債20反1,2017/1/17,上市,,CEOGDU
ETF,00682U,期元大美元指數,2017/3/14,上市,,CEOGMU
ETF,00683L,期元大美元指正2,2017/3/14,上市,,CEOGMU
ETF,00684R,期元大美元指反1,2017/3/14,上市,,CEOGMU
ETF,00685L,群益臺灣加權正2,2017/3/30,上市,,CEOGEU
ETF,00686R,群益臺灣加權反1,2017/3/30,上市,,CEOGEU
ETF,00688L,國泰20年美債正2,2017/4/13,上市,,CEOGBU
ETF,00689R,國泰20年美債反1,2017/4/13,上市,,CEOGBU
ETF,00690,兆豐藍籌30,2017/3/31,上市,,CEOGEU
ETF,00692,富邦公司治理,2017/5/17,上市,,CEOGEU
ETF,00693U,期街口S&P黃豆,2017/4/25,上市,,CEOGCU
ETF,00700,富邦恒生國企,2017/7/21,上市,,CEOGEU
ETF,00701,國泰股利精選30,2017/8/17,上市,,CEOJEU
ETF,00702,國泰標普低波高息,2017/8/17,上市,,CEOJEU
ETF,00703,台新MSCI中國,2017/8/10,上市,,CEOGEU
ETF,00706L,期元大S&P日圓正2,2017/9/1,上市,,CEOGDU
ETF,00707R,期元大S&P日圓反1,2017/9/1,上市,,CEOGDU
ETF,00708L,期元大S&P黃金正2,2017/9/1,上市,,CEOGDU
ETF,00709,富邦歐洲,2017/8/15,上市,,CEOGEU
ETF,00710B,復華彭博非投等債,2017/8/21,上市,,CEOIBU
ETF,00711B,復華彭博新興債,2017/8/21,上市,,CEOIBU
ETF,00712,復華富時不動產,2017/8/21,上市,,CEOIEU
ETF,00713,元大台灣高息低波,2017/9/27,上市,,CEOJEU
ETF,00714,群益道瓊美國地產,2017/10/27,上市,,CEOIRU
ETF,00715L,期街口S&P布蘭特油正2,2017/11/16,上市,,CEOGDU
ETF,00717,富邦美國特別股,2017/11/29,上市,,CEOIEU
ETF,00728,第一金工業30,2018/4/18,上市,,CEOGEU
ETF,00730,富邦臺灣優質高息,2018/2/8,上市,,CEOIEU
ETF,00731,復華富時高息低波,2018/4/20,上市,,CEOIEU
ETF,00733,富邦臺灣中小,2018/5/17,上市,,CEOIEU
ETF,00735,國泰臺韓科技,2018/6/11,上市,,CEOJEU
ETF,00736,國泰新興市場,2018/6/11,上市,,CEOJEU
ETF,00737,國泰AI機器人,2018/6/11,上市,,CEOGEU
ETF,00738U,期元大道瓊白銀,2018/6/1,上市,,CEOGCU
ETF,00739,元大MSCI A股,2018/6/27,上市,,CEOJEU
ETF,00752,中信中國50,2018/10/31,上市,,CEOGEU
ETF,00753L,中信中國50正2,2018/10/31,上市,,CEOGEU
ETF,00757,統一FANG+,2018/12/6,上市,,CEOGEU
ETF,00762,元大全球AI,2019/1/23,上市,,CEOJEU
ETF,00763U,期街口道瓊銅,2018/12/19,上市,,CEOGDU
ETF,00770,國泰北美科技,2019/1/29,上市,,CEOJEU
ETF,00771,元大US高息特別股,2019/5/16,上市,,CEOJEU
ETF,00775B,新光投等債15+,2019/2/15,上市,,CEOIBU
ETF,00783,富邦中証500,2019/3/27,上市,,CEOGEU
ETF,00830,國泰費城半導體,2019/5/3,上市,,CEOJEU
ETF,00850,元大臺灣ESG永續,2019/8/23,上市,,CEOIEU
ETF,00851,台新全球AI,2019/8/12,上市,,CEOIEU
ETF,00852L,國泰美國道瓊正2,2019/8/22,上市,,CEOJLU
ETF,00861,元大全球未來通訊,2019/11/19,上市,,CEOJEU
ETF,00865B,國泰US短期公債,2019/11/25,上市,,CEOGBU
ETF,00875,國泰網路資安,2020/3/30,上市,,CEOGEU
ETF,00876,元大全球5G,2020/7/7,上市,,CEOJEU
ETF,00878,國泰永續高股息,2020/7/20,上市,,CEOJEU
ETF,00881,國泰台灣科技龍頭,2020/12/10,上市,,CEOJEU
ETF,00882,中信中國高股息,2021/2/4,上市,,CEOIEU
ETF,00885,富邦越南,2021/4/19,上市,,CEOGEU
ETF,00891,中信關鍵半導體,2021/5/28,上市,,CEOIEU
ETF,00892,富邦台灣半導體,2021/6/10,上市,,CEOIEU
ETF,00893,國泰智能電動車,2021/7/1,上市,,CEOGEU
ETF,00894,中信小資高價30,2021/8/13,上市,,CEOIEU
ETF,00895,富邦未來車,2021/8/12,上市,,CEOGEU
ETF,00896,中信綠能及電動車,2021/9/16,上市,,CEOIEU
ETF,00897,富邦基因免疫生技,2021/10/4,上市,,CEOGEU
ETF,00898,國泰基因免疫革命,2021/11/22,上市,,CEOGEU
ETF,00899,FT潔淨能源,2022/1/21,上市,,CEOGEU
ETF,00900,富邦特選高股息30,2021/12/22,上市,,CEOIEU
ETF,00901,永豐智能車供應鏈,2021/12/15,上市,,CEOIEU
ETF,00902,中信電池及儲能,2022/1/25,上市,,CEOIEU
ETF,00903,富邦元宇宙,2022/1/24,上市,,CEOIEU
ETF,00904,新光臺灣半導體30,2022/3/7,上市,,CEOIEU
ETF,00905,FT臺灣SMART,2022/4/21,上市,,CEOIEU
ETF,00907,永豐優息存股,2022/5/24,上市,,CEOIEU
ETF,00908,富邦入息REITs+,2022/5/20,上市,,CEOIEU
ETF,00909,國泰數位支付服務,2022/7/13,上市,,CEOGEU
ETF,00910,第一金太空衛星,2022/7/20,上市,,CEOGEU
ETF,00911,兆豐洲際半導體,2022/6/27,上市,,CEOGEU
ETF,00912,中信臺灣智慧50,2022/6/29,上市,,CEOIEU
ETF,00913,兆豐台灣晶圓製造,2022/8/8,上市,,CEOGEU
ETF,00915,凱基優選高股息30,2022/8/9,上市,,CEOIEU
ETF,00916,國泰全球品牌50,2022/9/26,上市,,CEOJEU
ETF,00917,中信特選金融,2022/8/26,上市,,CEOIEU
ETF,00918,大華優利高填息30,2022/11/24,上市,,CEOGEU
ETF,00919,群益台灣精選高息,2022/10/20,上市,,CEOIEU
ETF,00920,富邦ESG綠色電力,2022/10/20,上市,,CEOIEU
ETF,00921,兆豐龍頭等權重,2023/1/13,上市,,CEOGEU
ETF,00922,國泰台灣領袖50,2023/3/27,上市,,CEOJEU
ETF,00923,群益台ESG低碳50,2023/3/8,上市,,CEOIEU
ETF,00924,復華S&P500成長,2023/4/26,上市,,CEOGEU
ETF,00926,凱基全球菁英55,2023/6/2,上市,,CEOIEU
ETF,00927,群益半導體收益,2023/6/6,上市,,CEOIEU
ETF,00929,復華台灣科技優息,2023/6/9,上市,,CEOIEU
ETF,00930,永豐ESG低碳高息,2023/7/13,上市,,CEOIEU
ETF,00932,兆豐永續高息等權,2023/9/1,上市,,CEOGEU
ETF,00934,中信成長高股息,2023/11/1,上市,,CEOIEU
ETF,00935,野村臺灣新科技50,2023/11/1,上市,,CEOIEU
ETF,00936,台新永續高息中小,2023/11/8,上市,,CEOIEU
ETF,00938,凱基優選30,2024/10/23,上市,,CEOIEU
ETF,00939,統一台灣高息動能,2024/3/20,上市,,CEOIEU
ETF,00940,元大台灣價值高息,2024/4/1,上市,,CEOIEU
ETF,00941,中信上游半導體,2024/3/15,上市,,CEOIEU
ETF,00943,兆豐電子高息等權,2024/5/20,上市,,CEOGEU
ETF,00944,野村趨勢動能高息,2024/5/9,上市,,CEOIEU
ETF,00945B,凱基美國非投等債,2024/5/2,上市,,CEOIBU
ETF,00946,群益科技高息成長,2024/5/9,上市,,CEOIEU
ETF,00947,台新臺灣IC設計,2024/6/12,上市,,CEOIEU
ETF,00949,復華日本龍頭,2024/7/1,上市,,CEOIEU
ETF,00951,台新日本半導體,2024/7/25,上市,,CEOIEU
ETF,00952,凱基台灣AI50,2024/9/5,上市,,CEOIEU
ETF,00953B,群益優選非投等債,2024/8/21,上市,,CEOIBU
ETF,00954,中信日本半導體,2024/8/20,上市,,CEOIEU
ETF,00956,中信日經高股息,2024/8/20,上市,,CEOIEU
ETF,00960,野村全球航運龍頭,2024/9/20,上市,,CEOIEU
ETF,00961,FT臺灣永續高息,2024/10/15,上市,,CEOIEU
ETF,00962,台新AI優息動能,2024/12/6,上市,,CEOIEU
ETF,00963,中信全球高股息,2024/11/14,上市,,CEOIEU
ETF,00964,中信亞太高股息,2024/11/14,上市,,CEOIEU
ETF,00965,元大航太防衛科技,2024/11/26,上市,,CEOIEU
ETF,00971,野村美國研發龍頭,2025/1/9,上市,,CEOIEU
ETF,00972,野村日本動能高息,2025/1/9,上市,,CEOIEU
ETF,009800,中信NASDAQ,2025/2/11,上市,,CEOIEU
ETF,009801,中信美國創新科技,2025/2/11,上市,,CEOIEU
ETF,009802,富邦旗艦50,2025/3/19,上市,,CEOIEU
ETF,009803,保德信市值動能50,2025/3/13,上市,,CEOIEU
ETF,009804,聯邦台精彩50,2025/4/16,上市,,CEOIEU
ETF,009805,新光美國電力基建,2025/5/13,上市,,CEOIEU
ETF,009808,華南永昌優選50,2025/5/16,上市,,CEOGEU
ETF,009809,富邦淨零ESG50,2025/10/14,上市,,CEOIEU
ETF,00980A,主動野村臺灣優選,2025/5/5,上市,,CEOIEU
ETF,009810,保德信全球藍籌,2025/7/16,上市,,CEOIEU
ETF,009811,統一美國50,2025/7/29,上市,,CEOIEU
ETF,009812,野村日本東證,2025/9/18,上市,,CEOGEU
ETF,009813,貝萊德標普卓越50,2025/10/20,上市,,CEOIEU
ETF,00981A,主動統一台股增長,2025/5/27,上市,,CEOIEU
ETF,00981T,平衡凱基雙核收息,2025/9/24,上市,,CEOJLU
ETF,00982A,主動群益台灣強棒,2025/5/22,上市,,CEOIEU
ETF,00982D,主動富邦動態入息,2025/10/14,上市,,CEOIBU
ETF,00983A,主動中信ARK創新,2025/6/18,上市,,CEOIEU
ETF,00983D,主動富邦複合收益,2025/10/14,上市,,CEOIBU
ETF,00984A,主動安聯台灣高息,2025/7/14,上市,,CEOIEU
ETF,00985A,主動野村台灣50,2025/7/21,上市,,CEOIEU
ETF,00985B,群益ESG投等債0-5,2025/9/11,上市,,CEOIBU
ETF,00986A,主動台新龍頭成長,2025/8/27,上市,,CEOIEU
ETF,00988A,主動統一全球創新,2025/11/5,上市,,CEOIEU
ETF,00989A,主動摩根美國科技,2025/10/22,上市,,CEOJEU
ETN ,20000,富邦特選蘋果N,2019/4/30,上市,,CMXXXU
ETN ,20011,統一微波高息20N,2019/12/3,上市,,CMXXXU
ETN ,20012,富邦行動通訊N,2019/12/20,上市,,CMXXXU
ETN ,02001L,富邦蘋果正二N,2020/4/16,上市,,CMXXXU
ETN ,02001R,富邦蘋果反一N,2020/4/16,上市,,CMXXXU
ETN ,20020,元大台股領航N,2020/11/2,上市,,CMXXXU
ETN ,20028,元大特選電動車N,2021/9/27,上市,,CMXXXU
ETN ,20029,元大ESG高股息N,2021/11/1,上市,,CMXXXU
ETN ,20030,統一智慧電動車N,2021/11/26,上市,,CMXXXU
ETN ,20031,統一IC設計臺灣N,2022/3/31,上市,,CMXXXU
ETN ,20032,元大綠能N,2022/4/25,上市,,CMXXXU
ETN ,20034,元大IC設計N,2022/6/1,上市,,CMXXXU
ETN ,20036,元大金融配息N,2023/4/17,上市,,CMXXXU
ETN ,20037,元大金融高股息N,2023/4/17,上市,,CMXXXU
ETN ,20038,元大ESG配息N,2023/7/3,上市,,CMXXXU
ETN ,20039,元大加權N,2023/10/16,上市,,CMXXXU
臺灣存託憑證(TDR) ,9103,美德醫療-DR,2002/12/13,上市,,EDSDDR
臺灣存託憑證(TDR) ,910322,康師傅-DR,2009/12/16,上市,,EDSDDR
臺灣存託憑證(TDR) ,9105,泰金寶-DR,2003/9/22,上市,,EDSDDR
臺灣存託憑證(TDR) ,910861,神州-DR,2010/11/24,上市,,EDSDDR
臺灣存託憑證(TDR) ,9110,越南控-DR,2009/12/3,上市,,EDSDDR
臺灣存託憑證(TDR) ,911608,明輝-DR,2010/10/20,上市,,EDSDDR
臺灣存託憑證(TDR) ,911622,泰聚亨-DR,2011/9/29,上市,,EDSDDR
臺灣存託憑證(TDR) ,911868,同方友友-DR,2009/12/22,上市,,EDSDDR
臺灣存託憑證(TDR) ,912000,晨訊科-DR,2011/4/25,上市,,EDSDDR
臺灣存託憑證(TDR) ,9136,巨騰-DR,2009/5/25,上市,,EDSDDR
受益證券-不動產投資信託 ,01001T,土銀富邦R1,2005/3/10,上市,,CBCIXU
受益證券-不動產投資信託 ,01002T,土銀國泰R1,2005/10/3,上市,,CBCIXU
受益證券-不動產投資信託 ,01004T,土銀富邦R2,2006/4/13,上市,,CBCIXU
受益證券-不動產投資信託 ,01007T,兆豐國泰R2,2006/10/13,上市,,CBCIXU
受益證券-不動產投資信託 ,01009T,王道圓滿R1,2018/6/21,上市,,CBCIXU
受益證券-不動產投資信託 ,01010T,京城樂富R1,2018/12/5,上市,,CBCIXU
ETF,006201,元大富櫃50,2011/1/27,上櫃,,CEOGEU
ETF,00679B,元大美債20年,2017/1/17,上櫃,,CEOIBU
ETF,00687B,國泰20年美債,2017/4/13,上櫃,,CEOJBU
ETF,00687C,國泰20年美債+櫃U,2025/1/10,上櫃,,CEOGBU
ETF,00694B,富邦美債1-3年,2017/6/8,上櫃,,CEOGBU
ETF,00695B,富邦美債7-10年,2017/6/8,上櫃,,CEOGBU
ETF,00696B,富邦美債20年,2017/6/8,上櫃,,CEOGBU
ETF,00697B,元大美債7-10,2017/6/23,上櫃,,CEOGBU
ETF,00719B,元大美債1-3,2018/2/1,上櫃,,CEOJBU
ETF,00720B,元大投資級公司債,2018/2/1,上櫃,,CEOJBU
ETF,00722B,群益投資級電信債,2017/12/15,上櫃,,CEOIBU
ETF,00723B,群益投資級科技債,2017/12/15,上櫃,,CEOIBU
ETF,00724B,群益投資級金融債,2017/12/15,上櫃,,CEOIBU
ETF,00725B,國泰投資級公司債,2018/2/7,上櫃,,CEOJBU
ETF,00726B,國泰新興投等債,2018/2/7,上櫃,,CEOJBU
ETF,00727B,國泰優選非投等債,2018/2/7,上櫃,,CEOIBU
ETF,00734B,台新JPM新興債,2018/5/24,上櫃,,CEOIBU
ETF,00740B,富邦全球投等債,2018/6/8,上櫃,,CEOIBU
ETF,00741B,富邦全球非投等債,2018/6/8,上櫃,,CEOIBU
ETF,00746B,富邦A級公司債,2018/8/15,上櫃,,CEOIBU
ETF,00749B,凱基新興債10+,2018/9/20,上櫃,,CEOIBU
ETF,00750B,凱基科技債10+,2018/9/20,上櫃,,CEOIBU
ETF,00751B,元大AAA至A公司債,2018/10/3,上櫃,,CEOJBU
ETF,00754B,群益AAA-AA公司債,2018/10/22,上櫃,,CEOIBU
ETF,00755B,群益投資級公用債,2018/10/22,上櫃,,CEOIBU
ETF,00756B,群益投等新興公債,2018/10/22,上櫃,,CEOIBU
ETF,00758B,復華能源債,2018/11/14,上櫃,,CEOIBU
ETF,00759B,復華製藥債,2018/11/14,上櫃,,CEOIBU
ETF,00760B,復華新興企業債,2018/11/14,上櫃,,CEOIBU
ETF,00761B,國泰A級公司債,2018/11/30,上櫃,,CEOJBU
ETF,00764B,群益25年美債,2018/12/24,上櫃,,CEOIBU
ETF,00768B,復華20年美債,2019/1/28,上櫃,,CEOGBU
ETF,00772B,中信高評級公司債,2019/1/29,上櫃,,CEOJBU
ETF,00773B,中信優先金融債,2019/1/29,上櫃,,CEOJBU
ETF,00777B,凱基AAA至A公司債,2019/2/14,上櫃,,CEOIBU
ETF,00778B,凱基金融債20+,2019/2/14,上櫃,,CEOIBU
ETF,00779B,凱基美債25+,2019/2/14,上櫃,,CEOIBU
ETF,00780B,國泰A級金融債,2019/3/7,上櫃,,CEOJBU
ETF,00781B,國泰A級科技債,2019/3/7,上櫃,,CEOJBU
ETF,00782B,國泰A級公用債,2019/3/7,上櫃,,CEOJBU
ETF,00785B,富邦金融投等債,2019/3/27,上櫃,,CEOIBU
ETF,00786B,元大10年IG銀行債,2019/4/2,上櫃,,CEOJBU
ETF,00787B,元大10年IG醫療債,2019/4/2,上櫃,,CEOJBU
ETF,00788B,元大10年IG電能債,2019/4/2,上櫃,,CEOJBU
ETF,00789B,復華公司債A3,2019/3/20,上櫃,,CEOIBU
ETF,00791B,復華信用債1-5,2019/3/20,上櫃,,CEOIBU
ETF,00792B,群益A級公司債,2019/4/3,上櫃,,CEOIBU
ETF,00793B,群益AAA-A醫療債,2019/4/3,上櫃,,CEOIRU
ETF,00795B,中信美國公債20年,2019/4/11,上櫃,,CEOIBU
ETF,00799B,國泰A級醫療債,2019/5/3,上櫃,,CEOJBU
ETF,00834B,第一金金融債10+,2019/5/9,上櫃,,CEOIBU
ETF,00836B,永豐10年A公司債,2019/5/22,上櫃,,CEOIBU
ETF,00838B,永豐7-10年中國債,2019/6/13,上櫃,,CEOIBU
ETF,00840B,凱基IG精選15+,2019/6/10,上櫃,,CEOIBU
ETF,00841B,凱基AAA-AA公司債,2019/6/10,上櫃,,CEOIBU
ETF,00842B,台新美元銀行債,2019/6/14,上櫃,,CEOIBU
ETF,00844B,新光15年IG金融債,2019/7/18,上櫃,,CEOIBU
ETF,00845B,富邦新興投等債,2019/7/16,上櫃,,CEOIBU
ETF,00846B,富邦歐洲銀行債,2019/7/16,上櫃,,CEOIBU
ETF,00847B,中信美國市政債,2019/7/30,上櫃,,CEOJBU
ETF,00848B,中信新興亞洲債,2019/7/30,上櫃,,CEOJBU
ETF,00849B,中信EM主權債0-5,2019/7/30,上櫃,,CEOJBU
ETF,00853B,統一美債10年Aa-A,2019/9/4,上櫃,,CEOIBU
ETF,00856B,永豐1-3年美公債,2019/9/30,上櫃,,CEOIBU
ETF,00857B,永豐20年美公債,2019/9/30,上櫃,,CEOIBU
ETF,00858,永豐美國500大,2019/9/30,上櫃,,CEOIEU
ETF,00859B,群益0-1年美債,2019/10/18,上櫃,,CEOIBU
ETF,00860B,群益1-5Y投資級債,2019/10/18,上櫃,,CEOIBU
ETF,00862B,中信投資級公司債,2019/10/18,上櫃,,CEOIBU
ETF,00863B,中信全球電信債,2019/10/18,上櫃,,CEOIBU
ETF,00864B,中信美國公債0-1,2019/10/18,上櫃,,CEOGBU
ETF,00867B,新光A-BBB電信債,2019/11/15,上櫃,,CEOIBU
ETF,00870B,元大15年EM主權債,2020/1/9,上櫃,,CEOJBU
ETF,00877,復華中國5G,2020/7/22,上櫃,,CEOGEU
ETF,00883B,中信ESG投資級債,2021/2/4,上櫃,,CEOIBU
ETF,00884B,中信低碳新興債,2021/2/4,上櫃,,CEOIBU
ETF,00886,永豐美國科技,2021/3/31,上櫃,,CEOGEU
ETF,00887,永豐中國科技50大,2021/3/31,上櫃,,CEOGEU
ETF,00888,永豐台灣ESG,2021/3/31,上櫃,,CEOIEU
ETF,00890B,凱基ESG BBB 債 15+,2021/5/10,上櫃,,CEOIBU
ETF,00928,中信上櫃ESG 30,2023/5/24,上櫃,,CEOIEU
ETF,00931B,統一美債20年,2023/8/7,上櫃,,CEOIBU
ETF,00933B,國泰10Y+金融債,2023/10/19,上櫃,,CEOJBU
ETF,00937B,群益ESG投等債20+,2023/12/5,上櫃,,CEOIBU
ETF,00942B,台新美A公司債20+,2024/4/18,上櫃,,CEOIBU
ETF,00948B,中信優息投資級債,2024/6/12,上櫃,,CEOIBU
ETF,00950B,凱基A級公司債,2024/7/9,上櫃,,CEOIBU
ETF,00955,中信日本商社,2024/8/20,上櫃,,CEOIEU
ETF,00957B,兆豐US優選投等債,2024/9/10,上櫃,,CEOIBU
ETF,00958B,永豐ESG銀行債15+,2024/9/18,上櫃,,CEOIBU
ETF,00959B,大華投等美債15Y+,2024/8/28,上櫃,,CEOIBU
ETF,00966B,統一ESG投等債15+,2024/12/16,上櫃,,CEOIBU
ETF,00967B,元大優息美債,2024/12/9,上櫃,,CEOIBU
ETF,00968B,元大優息投等債,2024/12/9,上櫃,,CEOIBU
ETF,00969B,元大零息超長美債,2024/12/9,上櫃,,CEOIBU
ETF,00970B,新光BBB投等債20+,2024/12/17,上櫃,,CEOIBU
ETF,009806,台新標普500,2025/5/28,上櫃,,CEOIEU
ETF,009807,台新標普科技精選,2025/5/28,上櫃,,CEOIEU
ETF,00980B,台新特選IG債10+,2025/1/22,上櫃,,CEOIBU
ETF,00980D,主動聯博投等入息,2025/8/4,上櫃,,CEOIBU
ETF,00980T,平衡凱基美國TOP,2025/8/15,上櫃,,CEOJLU
ETF,00981B,第一金優選非投債,2025/3/10,上櫃,,CEOIBU
ETF,00981D,主動中信非投等債,2025/9/16,上櫃,,CEOIBU
ETF,00982B,FT投資級債20+,2025/4/28,上櫃,,CEOIBU
ETF,00983B,大華優利美公債20,2025/5/13,上櫃,,CEOIBU
ETF,00984B,大華優利美A債15,2025/5/13,上櫃,,CEOIBU
ETF,00986B,FT金融債10+,2025/11/12,上櫃,,CEOIBU
ETN,20001,富邦存股雙十N,2019/4/30,上櫃,,CMXXXU
ETN,02001B,統一美國政府債N,2020/12/29,上櫃,,CMXXXU
ETN,20023,元大櫃買半導體N,2020/12/8,上櫃,,CMXXXU
ETN,20025,統一亞洲半導體N,2021/7/22,上櫃,,CMXXXU
ETN,20027,元大上櫃ESG成長N,2021/7/19,上櫃,,CMXXXU
ETN,20033,統一恆生科期N,2022/5/25,上櫃,,CMXXXU
ETN,20035,元大上櫃ESG高息N,2022/10/3,上櫃,,CMXXXU
ETN,20040,元大上櫃ESG龍頭N,2023/12/18,上櫃,,CMXXXU
ETN,20041,兆豐半導體氣候N,2023/12/25,上櫃,,CMXXXU
股票,1240,茂生農經,2018/8/8,上櫃,農業科技業,ESVUFR
股票,1259,安心,2011/12/15,上櫃,觀光餐旅,ESVUFR
股票,1264,德麥,2015/4/9,上櫃,食品工業,ESVUFR
股票,1268,漢來美食,2017/9/27,上櫃,觀光餐旅,ESVUFR
股票,1294,漢田生技,2024/9/26,上櫃,食品工業,ESVUFR
股票,1295,生合,2025/5/27,上櫃,食品工業,ESVUFR
股票,1336,台翰,2007/11/2,上櫃,電子零組件業,ESVUFR
股票,1565,精華,2004/3/30,上櫃,生技醫療業,ESVUFR
股票,1569,濱川,2005/7/29,上櫃,電腦及週邊設備業,ESVUFR
股票,1570,力肯,2005/6/30,上櫃,電機機械,ESVUFR
股票,1580,新麥,2007/12/10,上櫃,電機機械,ESVUFR
股票,1584,精剛,2007/11/28,上櫃,其他業,ESVUFR
股票,1586,和勤,2012/1/9,上櫃,電機機械,ESVUFR
股票,1591,駿吉-KY,2012/3/23,上櫃,電機機械,ESVUFR
股票,1593,祺驊,2012/6/13,上櫃,運動休閒,ESVUFR
股票,1595,川寶,2011/10/4,上櫃,電子零組件業,ESVUFR
股票,1599,宏佳騰,2012/12/25,上櫃,電機機械,ESVUFR
股票,1742,台蠟,2004/5/14,上櫃,化學工業,ESVUFR
股票,1777,生泰,2005/10/19,上櫃,生技醫療業,ESVUFR
股票,1781,合世,2004/12/24,上櫃,生技醫療業,ESVUFR
股票,1784,訊聯,2007/7/26,上櫃,生技醫療業,ESVUFR
股票,1785,光洋科,2005/1/31,上櫃,其他電子業,ESVUFR
股票,1788,杏昌,2009/7/20,上櫃,生技醫療業,ESVUFR
股票,1796,金穎生技,2018/1/22,上櫃,食品工業,ESVUFR
股票,1799,易威,2008/11/10,上櫃,生技醫療業,ESVUFR
股票,1813,寶利徠,2009/8/4,上櫃,生技醫療業,ESVUFR
股票,1815,富喬,2006/1/23,上櫃,電子零組件業,ESVUFR
股票,2035,唐榮,2006/7/7,上櫃,鋼鐵工業,ESVUFR
股票,2061,風青,2010/12/9,上櫃,電器電纜,ESVUFR
股票,2063,世鎧,2010/9/7,上櫃,鋼鐵工業,ESVUFR
股票,2064,晉椿,2014/12/26,上櫃,鋼鐵工業,ESVUFR
股票,2065,世豐,2017/4/21,上櫃,鋼鐵工業,ESVUFR
股票,2066,世德,2013/9/24,上櫃,電機機械,ESVUFR
股票,2067,嘉鋼,2014/5/26,上櫃,電機機械,ESVUFR
股票,2070,精湛,2018/12/17,上櫃,電機機械,ESVUFR
股票,2073,雄順,2023/6/21,上櫃,鋼鐵工業,ESVUFR
股票,2221,大甲,2007/8/1,上櫃,其他業,ESVUFR
股票,2230,泰茂,2013/4/18,上櫃,電機機械,ESVUFR
股票,2235,謚源,2014/12/15,上櫃,電機機械,ESVUFR
股票,2596,綠意,2009/6/1,上櫃,建材營造業,ESVUFR
股票,2640,大車隊,2012/11/7,上櫃,數位雲端,ESVUFR
股票,2641,正德,2014/10/9,上櫃,航運業,ESVUFR
股票,2643,捷迅,2016/3/4,上櫃,航運業,ESVUFR
股票,2718,全心投控,2011/3/29,上櫃,建材營造業,ESVUFR
股票,2719,燦星旅,2012/2/24,上櫃,觀光餐旅,ESVUFR
股票,2724,藝舍-KY,2012/5/29,上櫃,其他業,ESVUFR
股票,2726,雅茗-KY,2014/12/24,上櫃,觀光餐旅,ESVUFR
股票,2729,瓦城,2012/9/17,上櫃,觀光餐旅,ESVUFR
股票,2732,六角,2015/1/20,上櫃,觀光餐旅,ESVUFR
股票,2734,易飛網,2013/12/26,上櫃,觀光餐旅,ESVUFR
股票,2736,富野,2016/1/6,上櫃,觀光餐旅,ESVUFR
股票,2740,天蔥,2015/12/24,上櫃,觀光餐旅,ESVUFR
股票,2743,山富,2020/3/9,上櫃,觀光餐旅,ESVUFR
股票,2745,五福,2018/4/16,上櫃,觀光餐旅,ESVUFR
股票,2751,王座,2024/9/10,上櫃,觀光餐旅,ESVUFR
股票,2752,豆府,2019/9/25,上櫃,觀光餐旅,ESVUFR
股票,2754,亞洲藏壽司,2020/9/17,上櫃,觀光餐旅,ESVUFR
股票,2755,揚秦,2020/12/16,上櫃,觀光餐旅,ESVUFR
股票,2756,聯發國際,2022/1/14,上櫃,觀光餐旅,ESVUFR
股票,2916,滿心,2005/3/10,上櫃,居家生活,ESVUFR
股票,2924,宏太-KY,2011/12/2,上櫃,居家生活,ESVUFR
股票,2926,誠品生活,2013/1/30,上櫃,文化創意業,ESVUFR
股票,2937,集雅社,2017/6/8,上櫃,居家生活,ESVUFR
股票,2941,米斯特,2024/3/20,上櫃,居家生活,ESVUFR
股票,2947,振宇五金,2021/10/6,上櫃,居家生活,ESVUFR
股票,2948,寶陞,2023/12/12,上櫃,居家生活,ESVUFR
股票,2949,欣新網,2023/12/15,上櫃,數位雲端,ESVUFR
股票,3064,泰偉,2004/6/9,上櫃,文化創意業,ESVUFR
股票,3066,李洲,2004/12/2,上櫃,光電業,ESVUFR
股票,3067,全域,2003/10/21,上櫃,其他電子業,ESVUFR
股票,3071,協禧,2004/12/30,上櫃,電腦及週邊設備業,ESVUFR
股票,3073,天方能源,2007/10/8,上櫃,綠能環保,ESVUFR
股票,3078,僑威,2005/1/31,上櫃,電子零組件業,ESVUFR
股票,3081,聯亞,2015/7/22,上櫃,通信網路業,ESVUFR
股票,3083,網龍,2003/12/2,上櫃,文化創意業,ESVUFR
股票,3085,新零售,2004/3/1,上櫃,數位雲端,ESVUFR
股票,3086,華義,2004/3/29,上櫃,文化創意業,ESVUFR
股票,3088,艾訊,2005/4/28,上櫃,電腦及週邊設備業,ESVUFR
股票,3093,港建*,2005/6/17,上櫃,其他電子業,ESVUFR
股票,3095,及成,2005/5/26,上櫃,通信網路業,ESVUFR
股票,3105,穩懋,2011/12/13,上櫃,半導體業,ESVUFR
股票,3114,好德,2004/3/25,上櫃,電子零組件業,ESVUFR
股票,3115,富榮綱,2005/4/8,上櫃,電子零組件業,ESVUFR
股票,3118,進階,2008/5/21,上櫃,生技醫療業,ESVUFR
股票,3122,笙泉,2015/1/26,上櫃,半導體業,ESVUFR
股票,3128,昇銳,2006/9/4,上櫃,光電業,ESVUFR
股票,3131,弘塑,2011/1/17,上櫃,其他電子業,ESVUFR
股票,3141,晶宏,2014/3/14,上櫃,半導體業,ESVUFR
股票,3147,大綜,2018/5/29,上櫃,資訊服務業,ESVUFR
股票,3152,璟德,2008/3/24,上櫃,通信網路業,ESVUFR
股票,3158,嘉實,2025/11/17,上櫃,資訊服務業,ESVUFR
股票,3162,精確,2005/10/3,上櫃,電機機械,ESVUFR
股票,3163,波若威,2012/12/3,上櫃,通信網路業,ESVUFR
股票,3169,亞信,2009/11/24,上櫃,半導體業,ESVUFR
股票,3171,炎洲流通,2004/9/17,上櫃,居家生活,ESVUFR
股票,3176,基亞,2011/11/23,上櫃,生技醫療業,ESVUFR
股票,3178,公準,2018/11/19,上櫃,半導體業,ESVUFR
股票,3188,鑫龍騰,2004/3/17,上櫃,建材營造業,ESVUFR
股票,3191,雲嘉南,2005/4/12,上櫃,電子零組件業,ESVUFR
股票,3205,佰研,2005/9/12,上櫃,生技醫療業,ESVUFR
股票,3206,志豐,2007/2/8,上櫃,電子零組件業,ESVUFR
股票,3207,耀勝,2004/11/4,上櫃,電子零組件業,ESVUFR
股票,3211,順達,2004/11/8,上櫃,電腦及週邊設備業,ESVUFR
股票,3213,茂訊,2004/10/1,上櫃,電腦及週邊設備業,ESVUFR
股票,3217,優群,2004/4/30,上櫃,電子零組件業,ESVUFR
股票,3218,大學光,2004/11/29,上櫃,生技醫療業,ESVUFR
股票,3219,倚強科,2004/3/19,上櫃,其他電子業,ESVUFR
股票,3221,台嘉碩,2006/2/22,上櫃,通信網路業,ESVUFR
股票,3224,三顧,2004/6/3,上櫃,電子通路業,ESVUFR
股票,3226,龍鋒,2004/6/16,上櫃,電機機械,ESVUFR
股票,3227,原相,2006/5/4,上櫃,半導體業,ESVUFR
股票,3228,金麗科,2005/3/2,上櫃,半導體業,ESVUFR
股票,3230,錦明,2006/9/25,上櫃,光電業,ESVUFR
股票,3232,昱捷,2004/11/1,上櫃,電子通路業,ESVUFR
股票,3234,光環,2011/3/24,上櫃,通信網路業,ESVUFR
股票,3236,千如,2004/12/2,上櫃,電子零組件業,ESVUFR
股票,3252,海灣,2004/9/23,上櫃,觀光餐旅,ESVUFR
股票,3259,鑫創,2007/12/24,上櫃,半導體業,ESVUFR
股票,3260,威剛,2004/10/8,上櫃,半導體業,ESVUFR
股票,3264,欣銓,2005/1/5,上櫃,半導體業,ESVUFR
股票,3265,台星科,2005/8/2,上櫃,半導體業,ESVUFR
股票,3268,海德威,2005/1/27,上櫃,半導體業,ESVUFR
股票,3272,東碩,2014/8/26,上櫃,電腦及週邊設備業,ESVUFR
股票,3276,宇環,2005/1/12,上櫃,電子零組件業,ESVUFR
股票,3284,太普高,2005/3/22,上櫃,其他業,ESVUFR
股票,3285,微端,2012/7/23,上櫃,其他電子業,ESVUFR
股票,3287,廣寰科,2008/1/28,上櫃,電腦及週邊設備業,ESVUFR
股票,3288,點晶,2005/4/15,上櫃,電子零組件業,ESVUFR
股票,3289,宜特,2004/12/28,上櫃,其他電子業,ESVUFR
股票,3290,東浦,2005/5/19,上櫃,電子零組件業,ESVUFR
股票,3293,鈊象,2006/7/12,上櫃,文化創意業,ESVUFR
股票,3294,英濟,2007/4/27,上櫃,電子零組件業,ESVUFR
股票,3297,杭特,2005/6/7,上櫃,光電業,ESVUFR
股票,3303,岱稜,2007/5/28,上櫃,其他電子業,ESVUFR
股票,3306,鼎天,2005/7/5,上櫃,通信網路業,ESVUFR
股票,3310,佳穎,2008/6/27,上櫃,電子零組件業,ESVUFR
股票,3313,斐成,2006/5/29,上櫃,其他業,ESVUFR
股票,3317,尼克森,2007/8/9,上櫃,半導體業,ESVUFR
股票,3322,建舜電,2009/5/20,上櫃,電子零組件業,ESVUFR
股票,3323,加百裕,2007/6/25,上櫃,電腦及週邊設備業,ESVUFR
股票,3324,雙鴻,2005/5/13,上櫃,其他電子業,ESVUFR
股票,3325,旭品,2005/8/15,上櫃,電腦及週邊設備業,ESVUFR
股票,3332,幸康,2008/1/24,上櫃,電子零組件業,ESVUFR
股票,3339,泰谷,2006/6/27,上櫃,光電業,ESVUFR
股票,3349,寶德,2022/3/23,上櫃,電腦及週邊設備業,ESVUFR
股票,3354,律勝,2005/12/8,上櫃,電子零組件業,ESVUFR
股票,3357,臺慶科,2021/4/27,上櫃,電子零組件業,ESVUFR
股票,3360,尚立,2006/6/6,上櫃,電子通路業,ESVUFR
股票,3362,先進光,2005/9/6,上櫃,光電業,ESVUFR
股票,3363,上詮,2011/2/25,上櫃,通信網路業,ESVUFR
股票,3372,典範,2005/12/16,上櫃,半導體業,ESVUFR
股票,3373,熱映,2007/12/13,上櫃,其他電子業,ESVUFR
股票,3374,精材,2015/3/30,上櫃,半導體業,ESVUFR
股票,3379,彬台,2011/10/20,上櫃,電機機械,ESVUFR
股票,3388,崇越電,2006/2/22,上櫃,電子零組件業,ESVUFR
股票,3390,旭軟,2006/2/22,上櫃,電子零組件業,ESVUFR
股票,3402,漢科,2007/1/9,上櫃,其他電子業,ESVUFR
股票,3426,台興,2016/12/21,上櫃,電機機械,ESVUFR
股票,3430,奇鈦科,2022/9/8,上櫃,化學工業,ESVUFR
股票,3434,哲固,2008/1/28,上櫃,光電業,ESVUFR
股票,3438,類比科,2006/7/19,上櫃,半導體業,ESVUFR
股票,3441,聯一光,2010/10/4,上櫃,光電業,ESVUFR
股票,3444,利機,2008/9/26,上櫃,電子通路業,ESVUFR
股票,3455,由田,2007/12/27,上櫃,光電業,ESVUFR
股票,3465,進泰電子,2008/1/28,上櫃,其他電子業,ESVUFR
股票,3466,德晉,2006/5/17,上櫃,通信網路業,ESVUFR
股票,3467,台灣精材,2025/3/25,上櫃,半導體業,ESVUFR
股票,3479,安勤,2010/6/8,上櫃,電腦及週邊設備業,ESVUFR
股票,3483,力致,2006/12/18,上櫃,電腦及週邊設備業,ESVUFR
股票,3484,崧騰,2007/11/9,上櫃,電子零組件業,ESVUFR
股票,3489,森寶,2007/9/29,上櫃,建材營造業,ESVUFR
股票,3490,單井,2007/10/15,上櫃,光電業,ESVUFR
股票,3491,昇達科,2008/1/3,上櫃,通信網路業,ESVUFR
股票,3492,長盛,2015/5/18,上櫃,電子零組件業,ESVUFR
股票,3498,陽程,2007/9/11,上櫃,其他電子業,ESVUFR
股票,3499,環天科,2006/10/19,上櫃,通信網路業,ESVUFR
股票,3508,位速,2007/10/17,上櫃,其他電子業,ESVUFR
股票,3511,矽瑪,2009/2/16,上櫃,電子零組件業,ESVUFR
股票,3512,皇龍,2007/7/25,上櫃,建材營造業,ESVUFR
股票,3516,亞帝歐,2007/11/29,上櫃,光電業,ESVUFR
股票,3520,華盈,2007/10/12,上櫃,電子零組件業,ESVUFR
股票,3521,鴻翊,2025/6/2,上櫃,建材營造業,ESVUFR
股票,3522,御嵿,2007/10/15,上櫃,觀光餐旅,ESVUFR
股票,3523,迎輝,2007/11/16,上櫃,光電業,ESVUFR
股票,3526,凡甲,2007/11/2,上櫃,電子零組件業,ESVUFR
股票,3527,聚積,2007/10/29,上櫃,半導體業,ESVUFR
股票,3529,力旺,2011/1/24,上櫃,半導體業,ESVUFR
股票,3531,先益,2008/4/8,上櫃,光電業,ESVUFR
股票,3537,堡達,2010/1/25,上櫃,電子零組件業,ESVUFR
股票,3540,曜越,2007/12/12,上櫃,電腦及週邊設備業,ESVUFR
股票,3541,西柏,2009/12/22,上櫃,其他電子業,ESVUFR
股票,3546,宇峻,2008/4/18,上櫃,文化創意業,ESVUFR
股票,3548,兆利,2008/3/27,上櫃,電子零組件業,ESVUFR
股票,3551,世禾,2008/4/15,上櫃,綠能環保,ESVUFR
股票,3552,同致,2009/1/7,上櫃,其他電子業,ESVUFR
股票,3555,博士旺,2011/11/8,上櫃,半導體業,ESVUFR
股票,3556,禾瑞亞,2008/4/15,上櫃,半導體業,ESVUFR
股票,3558,神準,2013/12/30,上櫃,通信網路業,ESVUFR
股票,3564,其陽,2013/12/3,上櫃,通信網路業,ESVUFR
股票,3567,逸昌,2010/11/22,上櫃,半導體業,ESVUFR
股票,3570,大塚,2008/10/23,上櫃,資訊服務業,ESVUFR
股票,3577,泓格,2009/1/6,上櫃,電腦及週邊設備業,ESVUFR
股票,3580,友威科,2010/7/9,上櫃,其他電子業,ESVUFR
股票,3581,博磊,2015/1/20,上櫃,半導體業,ESVUFR
股票,3587,閎康,2009/8/18,上櫃,其他電子業,ESVUFR
股票,3594,磐儀,2013/5/7,上櫃,電腦及週邊設備業,ESVUFR
股票,3597,映興,2020/3/9,上櫃,電子零組件業,ESVUFR
股票,3609,三一東林,2011/1/11,上櫃,電子零組件業,ESVUFR
股票,3611,鼎翰,2008/11/26,上櫃,電腦及週邊設備業,ESVUFR
股票,3615,安可,2009/4/15,上櫃,光電業,ESVUFR
股票,3623,富晶通,2010/4/28,上櫃,光電業,ESVUFR
股票,3624,光頡,2011/3/16,上櫃,電子零組件業,ESVUFR
股票,3625,西勝,2009/10/28,上櫃,電腦及週邊設備業,ESVUFR
股票,3628,盈正,2010/9/9,上櫃,其他電子業,ESVUFR
股票,3629,地心引力,2020/6/1,上櫃,文化創意業,ESVUFR
股票,3630,新鉅科,2010/4/26,上櫃,光電業,ESVUFR
股票,3631,晟楠,2010/12/20,上櫃,電子零組件業,ESVUFR
股票,3632,研勤,2011/1/11,上櫃,通信網路業,ESVUFR
股票,3646,艾恩特,2012/3/27,上櫃,電子零組件業,ESVUFR
股票,3663,鑫科,2012/11/20,上櫃,其他電子業,ESVUFR
股票,3664,安瑞-KY,2010/6/24,上櫃,通信網路業,ESVUFR
股票,3666,光耀,2014/12/4,上櫃,光電業,ESVUFR
股票,3672,康聯訊,2015/4/20,上櫃,通信網路業,ESVUFR
股票,3675,德微,2012/6/29,上櫃,半導體業,ESVUFR
股票,3680,家登,2011/8/31,上櫃,半導體業,ESVUFR
股票,3684,榮昌,2014/3/28,上櫃,通信網路業,ESVUFR
股票,3685,元創精密,2010/12/8,上櫃,電機機械,ESVUFR
股票,3687,歐買尬,2020/6/1,上櫃,數位雲端,ESVUFR
股票,3689,湧德,2012/10/18,上櫃,電子零組件業,ESVUFR
股票,3691,碩禾,2010/11/18,上櫃,光電業,ESVUFR
股票,3693,營邦,2013/11/27,上櫃,電腦及週邊設備業,ESVUFR
股票,3707,漢磊,2014/10/1,上櫃,半導體業,ESVUFR
股票,3709,鑫聯大投控,1999/4/16,上櫃,電腦及週邊設備業,ESVUFR
股票,3710,連展投控,2017/12/29,上櫃,電子零組件業,ESVUFR
股票,3713,新晶投控,2020/2/27,上櫃,綠能環保,ESVUFR
股票,4102,永日,2001/3/20,上櫃,生技醫療業,ESVUFR
股票,4105,東洋,2001/9/27,上櫃,生技醫療業,ESVUFR
股票,4107,邦特,2002/3/4,上櫃,生技醫療業,ESVUFR
股票,4109,加捷生醫,2002/8/8,上櫃,生技醫療業,ESVUFR
股票,4111,濟生,1999/3/6,上櫃,生技醫療業,ESVUFR
股票,4113,聯上,2003/7/22,上櫃,建材營造業,ESVUFR
股票,4114,健喬,2003/5/12,上櫃,生技醫療業,ESVUFR
股票,4116,明基醫,2015/12/16,上櫃,生技醫療業,ESVUFR
股票,4120,友華,2003/11/5,上櫃,生技醫療業,ESVUFR
股票,4121,優盛,2003/7/25,上櫃,生技醫療業,ESVUFR
股票,4123,晟德,2003/10/7,上櫃,生技醫療業,ESVUFR
股票,4126,太醫,2004/2/9,上櫃,生技醫療業,ESVUFR
股票,4127,天良,2005/7/29,上櫃,生技醫療業,ESVUFR
股票,4128,中天,2006/6/9,上櫃,生技醫療業,ESVUFR
股票,4129,聯合,2004/9/29,上櫃,生技醫療業,ESVUFR
股票,4130,健亞,2012/1/12,上櫃,生技醫療業,ESVUFR
股票,4131,浩泰,2004/4/9,上櫃,生技醫療業,ESVUFR
股票,4138,曜亞,2010/12/29,上櫃,生技醫療業,ESVUFR
股票,4139,馬光-KY,2011/4/29,上櫃,生技醫療業,ESVUFR
股票,4147,中裕,2015/11/23,上櫃,生技醫療業,ESVUFR
股票,4153,鈺緯,2013/5/23,上櫃,生技醫療業,ESVUFR
股票,4154,樂威科-KY,2011/12/28,上櫃,其他業,ESVUFR
股票,4157,太景*-KY,2013/8/30,上櫃,生技醫療業,ESVUFR
股票,4160,訊聯基因,2012/9/17,上櫃,生技醫療業,ESVUFR
股票,4161,聿新科,2013/6/26,上櫃,生技醫療業,ESVUFR
股票,4162,智擎,2012/9/18,上櫃,生技醫療業,ESVUFR
股票,4163,鐿鈦,2012/11/15,上櫃,生技醫療業,ESVUFR
股票,4166,友霖,2025/8/21,上櫃,生技醫療業,ESVUFR
股票,4167,松瑞藥,2015/9/8,上櫃,生技醫療業,ESVUFR
股票,4168,醣聯,2012/12/18,上櫃,生技醫療業,ESVUFR
股票,4171,瑞基,2018/3/28,上櫃,農業科技業,ESVUFR
股票,4173,久裕,2013/10/31,上櫃,生技醫療業,ESVUFR
股票,4174,浩鼎,2015/3/23,上櫃,生技醫療業,ESVUFR
股票,4175,杏一,2014/4/23,上櫃,生技醫療業,ESVUFR
股票,4183,福永生技,2017/3/9,上櫃,生技醫療業,ESVUFR
股票,4188,安克,2015/3/24,上櫃,生技醫療業,ESVUFR
股票,4192,杏國,2014/10/28,上櫃,生技醫療業,ESVUFR
股票,4198,欣大健康,2014/12/23,上櫃,生技醫療業,ESVUFR
股票,4205,中華食,1999/1/31,上櫃,食品工業,ESVUFR
股票,4207,環泰,2000/1/21,上櫃,食品工業,ESVUFR
股票,4303,信立,1999/3/10,上櫃,塑膠工業,ESVUFR
股票,4304,勝昱,2000/1/27,上櫃,塑膠工業,ESVUFR
股票,4305,世坤,2000/9/28,上櫃,塑膠工業,ESVUFR
股票,4401,東隆興,1996/5/9,上櫃,紡織纖維,ESVUFR
股票,4402,郡都開發,1997/7/23,上櫃,紡織纖維,ESVUFR
股票,4406,新昕纖,1999/1/14,上櫃,紡織纖維,ESVUFR
股票,4413,飛寶企業,1999/7/29,上櫃,紡織纖維,ESVUFR
股票,4416,三圓,2000/5/6,上櫃,建材營造業,ESVUFR
股票,4417,金洲,2000/11/7,上櫃,紡織纖維,ESVUFR
股票,4419,皇家美食,2001/6/26,上櫃,觀光餐旅,ESVUFR
股票,4420,光明,2002/4/18,上櫃,紡織纖維,ESVUFR
股票,4430,耀億,2011/6/9,上櫃,其他業,ESVUFR
股票,4432,銘旺實,2012/11/26,上櫃,紡織纖維,ESVUFR
股票,4433,興采,2014/11/3,上櫃,紡織纖維,ESVUFR
股票,4442,竣邦-KY,2023/11/29,上櫃,紡織纖維,ESVUFR
股票,4502,健信,1995/12/12,上櫃,電機機械,ESVUFR
股票,4503,金雨,1996/12/19,上櫃,電機機械,ESVUFR
股票,4506,崇友,1997/12/6,上櫃,電機機械,ESVUFR
股票,4510,高鋒,1998/2/24,上櫃,電機機械,ESVUFR
股票,4513,福裕,1998/3/25,上櫃,電機機械,ESVUFR
股票,4523,永彰,1999/11/22,上櫃,電機機械,ESVUFR
股票,4527,方土霖,2000/9/28,上櫃,電機機械,ESVUFR
股票,4528,江興鍛,2001/2/12,上櫃,電機機械,ESVUFR
股票,4529,淳紳,2001/5/4,上櫃,其他業,ESVUFR
股票,4530,宏易,2001/4/30,上櫃,觀光餐旅,ESVUFR
股票,4533,協易機,2002/4/26,上櫃,電機機械,ESVUFR
股票,4534,慶騰,2003/3/31,上櫃,電機機械,ESVUFR
股票,4535,至興,2003/4/16,上櫃,電機機械,ESVUFR
股票,4538,大詠城,2019/1/15,上櫃,電機機械,ESVUFR
股票,4541,晟田,2014/7/22,上櫃,其他業,ESVUFR
股票,4542,科嶠,2014/8/25,上櫃,電子零組件業,ESVUFR
股票,4543,萬在,2016/3/15,上櫃,電機機械,ESVUFR
股票,4549,桓達,2014/11/27,上櫃,電機機械,ESVUFR
股票,4550,長佳,2015/3/18,上櫃,電機機械,ESVUFR
股票,4554,橙的,2016/8/5,上櫃,其他電子業,ESVUFR
股票,4556,旭然,2015/12/22,上櫃,其他業,ESVUFR
股票,4558,寶緯,2022/3/17,上櫃,電機機械,ESVUFR
股票,4561,健椿,2018/6/11,上櫃,電機機械,ESVUFR
股票,4563,百德,2018/7/12,上櫃,電機機械,ESVUFR
股票,4568,科際精密,2018/10/3,上櫃,電機機械,ESVUFR
股票,4577,達航科技,2022/6/14,上櫃,其他電子業,ESVUFR
股票,4580,捷流閥業,2020/1/6,上櫃,電機機械,ESVUFR
股票,4584,君帆,2022/10/5,上櫃,電機機械,ESVUFR
股票,4609,唐鋒,2000/5/19,上櫃,居家生活,ESVUFR
股票,4702,中美實,1995/4/21,上櫃,居家生活,ESVUFR
股票,4706,大恭,1998/4/17,上櫃,化學工業,ESVUFR
股票,4707,磐亞,1998/5/20,上櫃,化學工業,ESVUFR
股票,4711,永純,1999/2/24,上櫃,化學工業,ESVUFR
股票,4714,永捷,2000/3/27,上櫃,化學工業,ESVUFR
股票,4716,大立,2000/3/27,上櫃,化學工業,ESVUFR
股票,4721,美琪瑪,2001/3/9,上櫃,化學工業,ESVUFR
股票,4726,永昕,2013/12/25,上櫃,生技醫療業,ESVUFR
股票,4728,雙美,2012/1/10,上櫃,生技醫療業,ESVUFR
股票,4729,熒茂,2009/2/24,上櫃,光電業,ESVUFR
股票,4735,豪展,2011/8/16,上櫃,生技醫療業,ESVUFR
股票,4741,泓瀚,2017/9/26,上櫃,化學工業,ESVUFR
股票,4743,合一,2011/9/23,上櫃,生技醫療業,ESVUFR
股票,4744,皇將,2018/7/12,上櫃,生技醫療業,ESVUFR
股票,4745,合富-KY,2013/1/30,上櫃,生技醫療業,ESVUFR
股票,4747,強生,2013/12/25,上櫃,生技醫療業,ESVUFR
股票,4749,新應材,2025/1/17,上櫃,半導體業,ESVUFR
股票,4754,國碳科,2016/9/28,上櫃,化學工業,ESVUFR
股票,4760,勤凱,2019/3/21,上櫃,其他電子業,ESVUFR
股票,4767,誠泰科技,2018/10/29,上櫃,化學工業,ESVUFR
股票,4768,晶呈科技,2022/4/13,上櫃,化學工業,ESVUFR
股票,4772,台特化,2024/9/20,上櫃,化學工業,ESVUFR
股票,4804,大略-KY,2015/12/4,上櫃,觀光餐旅,ESVUFR
股票,4806,桂田文創,2016/3/9,上櫃,文化創意業,ESVUFR
股票,4903,聯光通,2001/5/14,上櫃,通信網路業,ESVUFR
股票,4905,台聯電,2001/12/7,上櫃,通信網路業,ESVUFR
股票,4907,富宇,2002/3/4,上櫃,建材營造業,ESVUFR
股票,4908,前鼎,2002/2/27,上櫃,通信網路業,ESVUFR
股票,4909,新復興,2002/11/28,上櫃,通信網路業,ESVUFR
股票,4911,德英,2011/3/21,上櫃,生技醫療業,ESVUFR
股票,4923,力士,2022/3/14,上櫃,半導體業,ESVUFR
股票,4924,欣厚-KY,2011/10/18,上櫃,電腦及週邊設備業,ESVUFR
股票,4931,新盛力,2019/9/17,上櫃,電腦及週邊設備業,ESVUFR
股票,4933,友輝,2010/5/4,上櫃,光電業,ESVUFR
股票,4939,亞電,2011/9/19,上櫃,電子零組件業,ESVUFR
股票,4946,辣椒,2011/6/10,上櫃,文化創意業,ESVUFR
股票,4950,金耘國際,2012/4/27,上櫃,鋼鐵工業,ESVUFR
股票,4951,精拓科,2022/11/3,上櫃,半導體業,ESVUFR
股票,4953,緯軟,2014/1/8,上櫃,資訊服務業,ESVUFR
股票,4966,譜瑞-KY,2011/9/13,上櫃,半導體業,ESVUFR
股票,4971,IET-KY,2013/7/24,上櫃,半導體業,ESVUFR
股票,4972,湯石照明,2013/6/17,上櫃,光電業,ESVUFR
股票,4973,廣穎,2012/6/19,上櫃,半導體業,ESVUFR
股票,4974,亞泰,2011/11/29,上櫃,電子零組件業,ESVUFR
股票,4979,華星光,2011/12/12,上櫃,通信網路業,ESVUFR
股票,4987,科誠,2012/3/21,上櫃,電腦及週邊設備業,ESVUFR
股票,4991,環宇-KY,2014/9/15,上櫃,半導體業,ESVUFR
股票,4995,晶達,2012/5/9,上櫃,光電業,ESVUFR
股票,5009,榮剛,1998/10/17,上櫃,鋼鐵工業,ESVUFR
股票,5011,久陽,1999/5/6,上櫃,鋼鐵工業,ESVUFR
股票,5013,強新,2000/5/8,上櫃,鋼鐵工業,ESVUFR
股票,5014,建錩,2001/2/15,上櫃,鋼鐵工業,ESVUFR
股票,5015,華祺,2000/12/15,上櫃,鋼鐵工業,ESVUFR
股票,5016,松和,2001/3/5,上櫃,鋼鐵工業,ESVUFR
股票,5201,凱衛,2000/10/12,上櫃,資訊服務業,ESVUFR
股票,5202,力新,2000/10/18,上櫃,資訊服務業,ESVUFR
股票,5205,中茂,2001/5/14,上櫃,綠能環保,ESVUFR
股票,5206,坤悅,2001/10/8,上櫃,建材營造業,ESVUFR
股票,5209,新鼎,2002/2/25,上櫃,其他業,ESVUFR
股票,5210,寶碩,2002/4/25,上櫃,資訊服務業,ESVUFR
股票,5211,蒙恬,2002/12/23,上櫃,資訊服務業,ESVUFR
股票,5212,凌網,2003/3/24,上櫃,資訊服務業,ESVUFR
股票,5213,亞昕,2003/4/24,上櫃,建材營造業,ESVUFR
股票,5220,萬達光電,2018/4/26,上櫃,光電業,ESVUFR
股票,5223,安力-KY,2018/7/2,上櫃,電腦及週邊設備業,ESVUFR
股票,5227,立凱-KY,2013/12/9,上櫃,電子零組件業,ESVUFR
股票,5228,鈺鎧,2022/5/20,上櫃,電子零組件業,ESVUFR
股票,5230,雷笛克光學,2012/6/5,上櫃,光電業,ESVUFR
股票,5236,凌陽創新,2021/7/29,上櫃,半導體業,ESVUFR
股票,5245,智晶,2015/5/25,上櫃,光電業,ESVUFR
股票,5251,天鉞電,2012/11/26,上櫃,光電業,ESVUFR
股票,5263,智崴,2012/12/18,上櫃,文化創意業,ESVUFR
股票,5272,笙科,2013/5/30,上櫃,半導體業,ESVUFR
股票,5274,信驊,2013/4/30,上櫃,半導體業,ESVUFR
股票,5276,達輝-KY,2014/6/12,上櫃,其他業,ESVUFR
股票,5278,尚凡*,2013/6/4,上櫃,數位雲端,ESVUFR
股票,5287,數字,2014/1/20,上櫃,數位雲端,ESVUFR
股票,5289,宜鼎,2013/11/27,上櫃,電腦及週邊設備業,ESVUFR
股票,5291,邑昇,2014/12/23,上櫃,電子零組件業,ESVUFR
股票,5299,杰力,2018/1/23,上櫃,半導體業,ESVUFR
股票,5301,寶得利,1990/6/25,上櫃,觀光餐旅,ESVUFR
股票,5302,太欣,1991/1/17,上櫃,半導體業,ESVUFR
股票,5309,系統電,1996/3/18,上櫃,電子零組件業,ESVUFR
股票,5310,天剛,1996/4/9,上櫃,資訊服務業,ESVUFR
股票,5312,寶島科,1996/5/25,上櫃,生技醫療業,ESVUFR
股票,5314,世紀*,1996/9/16,上櫃,其他業,ESVUFR
股票,5315,光聯,1996/11/2,上櫃,光電業,ESVUFR
股票,5321,美而快,1996/12/30,上櫃,數位雲端,ESVUFR
股票,5324,士開,1997/1/30,上櫃,建材營造業,ESVUFR
股票,5328,華容,1997/8/28,上櫃,電子零組件業,ESVUFR
股票,5340,建榮,1998/1/20,上櫃,電子零組件業,ESVUFR
股票,5344,立衛,1998/3/23,上櫃,半導體業,ESVUFR
股票,5345,馥鴻,1998/3/23,上櫃,其他業,ESVUFR
股票,5347,世界,1998/3/25,上櫃,半導體業,ESVUFR
股票,5348,正能量智能,2025/6/2,上櫃,運動休閒,ESVUFR
股票,5351,鈺創,1998/5/15,上櫃,半導體業,ESVUFR
股票,5353,台林,1998/5/18,上櫃,通信網路業,ESVUFR
股票,5355,佳總,1998/6/23,上櫃,電子零組件業,ESVUFR
股票,5356,協益,1998/7/20,上櫃,電腦及週邊設備業,ESVUFR
股票,5364,力麗店,2013/8/26,上櫃,觀光餐旅,ESVUFR
股票,5371,中光電,1999/1/20,上櫃,光電業,ESVUFR
股票,5381,合正,1999/3/19,上櫃,電子零組件業,ESVUFR
股票,5386,青雲,1999/5/13,上櫃,電腦及週邊設備業,ESVUFR
股票,5392,能率,1999/6/14,上櫃,光電業,ESVUFR
股票,5398,慕康生醫,1999/10/11,上櫃,其他業,ESVUFR
股票,5403,中菲,1999/10/15,上櫃,資訊服務業,ESVUFR
股票,5410,國眾,1999/11/26,上櫃,資訊服務業,ESVUFR
股票,5425,台半,2000/2/21,上櫃,半導體業,ESVUFR
股票,5426,振發,2000/2/9,上櫃,電腦及週邊設備業,ESVUFR
股票,5432,新門,2000/3/21,上櫃,綠能環保,ESVUFR
股票,5438,東友,2000/6/17,上櫃,電腦及週邊設備業,ESVUFR
股票,5439,高技,2000/6/26,上櫃,電子零組件業,ESVUFR
股票,5443,均豪,1998/2/9,上櫃,半導體業,ESVUFR
股票,5450,南良,2020/6/1,上櫃,其他業,ESVUFR
股票,5452,佶優,2000/10/2,上櫃,其他電子業,ESVUFR
股票,5455,昇益,2000/10/19,上櫃,建材營造業,ESVUFR
股票,5457,宣德,2000/9/29,上櫃,電子零組件業,ESVUFR
股票,5460,同協,2000/9/28,上櫃,電子零組件業,ESVUFR
股票,5464,霖宏,2000/11/8,上櫃,電子零組件業,ESVUFR
股票,5465,富驊,2000/11/8,上櫃,電腦及週邊設備業,ESVUFR
股票,5468,凱鈺,2001/1/17,上櫃,半導體業,ESVUFR
股票,5474,聰泰,2001/3/20,上櫃,電腦及週邊設備業,ESVUFR
股票,5475,德宏,2001/1/16,上櫃,電子零組件業,ESVUFR
股票,5478,智冠,2001/3/29,上櫃,文化創意業,ESVUFR
股票,5481,新華,2020/6/1,上櫃,其他業,ESVUFR
股票,5483,中美晶,2001/3/2,上櫃,半導體業,ESVUFR
股票,5487,通泰,2001/2/20,上櫃,半導體業,ESVUFR
股票,5488,松普,2001/3/12,上櫃,電子零組件業,ESVUFR
股票,5489,彩富,2001/3/12,上櫃,其他電子業,ESVUFR
股票,5490,同亨,2001/5/14,上櫃,電腦及週邊設備業,ESVUFR
股票,5493,三聯,2001/5/3,上櫃,其他電子業,ESVUFR
股票,5498,凱崴,2001/3/29,上櫃,電子零組件業,ESVUFR
股票,5508,永信建,1998/5/13,上櫃,建材營造業,ESVUFR
股票,5511,德昌,1998/12/9,上櫃,建材營造業,ESVUFR
股票,5512,力麒,1998/12/4,上櫃,建材營造業,ESVUFR
股票,5514,三豐,1998/12/29,上櫃,建材營造業,ESVUFR
股票,5516,雙喜,1999/3/23,上櫃,建材營造業,ESVUFR
股票,5520,力泰,1999/10/27,上櫃,建材營造業,ESVUFR
股票,5523,豐謙,1999/12/27,上櫃,建材營造業,ESVUFR
股票,5529,鉅陞,1996/1/12,上櫃,建材營造業,ESVUFR
股票,5530,龍巖,2000/10/4,上櫃,其他業,ESVUFR
股票,5536,聖暉*,2010/11/10,上櫃,其他電子業,ESVUFR
股票,5543,桓鼎-KY,2016/5/9,上櫃,建材營造業,ESVUFR
股票,5548,安倉,2024/3/18,上櫃,建材營造業,ESVUFR
股票,5601,台聯櫃,1994/11/24,上櫃,航運業,ESVUFR
股票,5603,陸海,1997/1/25,上櫃,航運業,ESVUFR
股票,5604,中連,1997/5/22,上櫃,其他業,ESVUFR
股票,5609,中菲行,2001/10/15,上櫃,航運業,ESVUFR
股票,5701,劍湖山,1998/3/12,上櫃,觀光餐旅,ESVUFR
股票,5703,亞都,1999/6/15,上櫃,觀光餐旅,ESVUFR
股票,5704,老爺知,1999/12/21,上櫃,觀光餐旅,ESVUFR
股票,5864,致和證,2018/4/2,上櫃,金融保險業,ESVUFR
股票,5878,台名,2014/10/28,上櫃,金融保險業,ESVUFR
股票,5902,德記,1998/2/7,上櫃,居家生活,ESVUFR
股票,5903,全家,2002/2/25,上櫃,居家生活,ESVUFR
股票,5904,寶雅,2002/9/6,上櫃,居家生活,ESVUFR
股票,5905,南仁湖,2003/6/17,上櫃,觀光餐旅,ESVUFR
股票,6015,宏遠證,1996/7/25,上櫃,金融保險業,ESVUFR
股票,6016,康和證,1996/12/4,上櫃,金融保險業,ESVUFR
股票,6020,大展證,2003/1/23,上櫃,金融保險業,ESVUFR
股票,6021,美好證,2003/4/21,上櫃,金融保險業,ESVUFR
股票,6023,元大期,2007/11/28,上櫃,金融保險業,ESVUFR
股票,6026,福邦證,2016/1/27,上櫃,金融保險業,ESVUFR
股票,6101,寬魚國際,2001/3/29,上櫃,文化創意業,ESVUFR
股票,6103,合邦,2001/5/7,上櫃,半導體業,ESVUFR
股票,6104,創惟,2001/5/22,上櫃,半導體業,ESVUFR
股票,6109,亞元,2001/7/26,上櫃,通信網路業,ESVUFR
股票,6111,大宇資,2001/8/8,上櫃,文化創意業,ESVUFR
股票,6113,亞矽,2001/8/10,上櫃,電子通路業,ESVUFR
股票,6114,久威,2001/9/27,上櫃,電子零組件業,ESVUFR
股票,6118,建達,2001/10/25,上櫃,電子通路業,ESVUFR
股票,6121,新普,2001/11/27,上櫃,電腦及週邊設備業,ESVUFR
股票,6122,擎邦,2000/7/14,上櫃,電機機械,ESVUFR
股票,6123,上奇,2002/1/23,上櫃,資訊服務業,ESVUFR
股票,6124,業強,2002/3/19,上櫃,電子零組件業,ESVUFR
股票,6125,廣運,2002/1/23,上櫃,光電業,ESVUFR
股票,6126,信音,2002/1/18,上櫃,電子零組件業,ESVUFR
股票,6127,九豪,2002/1/10,上櫃,電子零組件業,ESVUFR
股票,6129,普誠,2001/12/25,上櫃,半導體業,ESVUFR
股票,6130,上亞科技,2002/3/26,上櫃,生技醫療業,ESVUFR
股票,6134,萬旭,2002/1/8,上櫃,電子零組件業,ESVUFR
股票,6138,茂達,2002/1/18,上櫃,半導體業,ESVUFR
股票,6140,訊達,2002/2/4,上櫃,資訊服務業,ESVUFR
股票,6143,振曜,2002/1/28,上櫃,通信網路業,ESVUFR
股票,6144,得利影,2002/1/23,上櫃,文化創意業,ESVUFR
股票,6146,耕興,2002/1/23,上櫃,其他電子業,ESVUFR
股票,6147,頎邦,2002/1/31,上櫃,半導體業,ESVUFR
股票,6148,驊宏資,2002/2/1,上櫃,資訊服務業,ESVUFR
股票,6150,撼訊,2002/3/11,上櫃,電腦及週邊設備業,ESVUFR
股票,6151,晉倫,2002/2/25,上櫃,其他電子業,ESVUFR
股票,6154,順發,2002/2/18,上櫃,電子通路業,ESVUFR
股票,6156,松上,2002/2/19,上櫃,電子零組件業,ESVUFR
股票,6158,禾昌,2002/2/19,上櫃,電子零組件業,ESVUFR
股票,6160,欣技,2002/3/1,上櫃,電腦及週邊設備業,ESVUFR
股票,6161,捷波,2002/3/1,上櫃,電腦及週邊設備業,ESVUFR
股票,6163,華電網,2002/3/19,上櫃,通信網路業,ESVUFR
股票,6167,久正,2002/3/26,上櫃,光電業,ESVUFR
股票,6169,昱泉,2002/3/22,上櫃,文化創意業,ESVUFR
股票,6170,統振,2002/4/16,上櫃,通信網路業,ESVUFR
股票,6171,大城地產,2002/4/22,上櫃,建材營造業,ESVUFR
股票,6173,信昌電,2002/4/19,上櫃,電子零組件業,ESVUFR
股票,6174,安碁,2002/5/2,上櫃,電子零組件業,ESVUFR
股票,6175,立敦,2002/6/10,上櫃,電子零組件業,ESVUFR
股票,6179,亞通,2002/5/17,上櫃,其他業,ESVUFR
股票,6180,橘子,2002/5/21,上櫃,文化創意業,ESVUFR
股票,6182,合晶,2002/5/16,上櫃,半導體業,ESVUFR
股票,6185,幃翔,2002/8/9,上櫃,電子零組件業,ESVUFR
股票,6186,新潤,2002/8/2,上櫃,建材營造業,ESVUFR
股票,6187,萬潤,2002/9/27,上櫃,半導體業,ESVUFR
股票,6188,廣明,2002/8/27,上櫃,電腦及週邊設備業,ESVUFR
股票,6190,萬泰科,1998/2/4,上櫃,通信網路業,ESVUFR
股票,6194,育富,2002/12/5,上櫃,電子零組件業,ESVUFR
股票,6195,詩肯,2002/10/21,上櫃,居家生活,ESVUFR
股票,6198,瑞築,2002/12/26,上櫃,建材營造業,ESVUFR
股票,6199,天品,2016/10/7,上櫃,其他業,ESVUFR
股票,6203,海韻電,2002/12/26,上櫃,電子零組件業,ESVUFR
股票,6204,艾華,2002/11/13,上櫃,電子零組件業,ESVUFR
股票,6207,雷科,2002/12/23,上櫃,電子零組件業,ESVUFR
股票,6208,日揚,2002/12/23,上櫃,半導體業,ESVUFR
股票,6210,慶生,2003/2/14,上櫃,電子零組件業,ESVUFR
股票,6212,理銘,2002/12/26,上櫃,建材營造業,ESVUFR
股票,6217,中探針,2003/1/9,上櫃,電子零組件業,ESVUFR
股票,6218,豪勉,2003/1/14,上櫃,通信網路業,ESVUFR
股票,6219,富旺,2003/2/26,上櫃,建材營造業,ESVUFR
股票,6220,岳豐,2003/1/9,上櫃,電子零組件業,ESVUFR
股票,6221,晉泰,2003/1/6,上櫃,資訊服務業,ESVUFR
股票,6222,立軒,2003/1/9,上櫃,光電業,ESVUFR
股票,6223,旺矽,2003/1/6,上櫃,半導體業,ESVUFR
股票,6227,茂綸,2003/1/14,上櫃,電子通路業,ESVUFR
股票,6228,全譜,2003/1/21,上櫃,電腦及週邊設備業,ESVUFR
股票,6229,研通,2003/1/14,上櫃,半導體業,ESVUFR
股票,6231,系微,2003/1/23,上櫃,資訊服務業,ESVUFR
股票,6233,旺玖,2003/2/20,上櫃,半導體業,ESVUFR
股票,6234,高僑,2003/3/12,上櫃,光電業,ESVUFR
股票,6236,中湛,2003/3/31,上櫃,其他業,ESVUFR
股票,6237,驊訊,2003/4/21,上櫃,半導體業,ESVUFR
股票,6240,松崗,2003/5/30,上櫃,資訊服務業,ESVUFR
股票,6241,易通展,2003/4/8,上櫃,通信網路業,ESVUFR
股票,6242,立康,2003/4/23,上櫃,生技醫療業,ESVUFR
股票,6244,茂迪,2003/5/15,上櫃,光電業,ESVUFR
股票,6245,立端,2003/5/19,上櫃,通信網路業,ESVUFR
股票,6246,臺龍,2003/6/18,上櫃,光電業,ESVUFR
股票,6248,沛波,2003/9/3,上櫃,鋼鐵工業,ESVUFR
股票,6259,百徽,2003/9/17,上櫃,電子零組件業,ESVUFR
股票,6261,久元,2004/3/29,上櫃,半導體業,ESVUFR
股票,6263,普萊德,2003/9/17,上櫃,通信網路業,ESVUFR
股票,6264,富裔,2004/2/24,上櫃,建材營造業,ESVUFR
股票,6265,方土昶,2003/10/24,上櫃,電子通路業,ESVUFR
股票,6266,泰詠,2004/4/29,上櫃,電子零組件業,ESVUFR
股票,6270,倍微,2003/9/17,上櫃,電子通路業,ESVUFR
股票,6274,台燿,2003/12/18,上櫃,電子零組件業,ESVUFR
股票,6275,元山,2004/12/23,上櫃,電子零組件業,ESVUFR
股票,6276,安鈦克,2003/10/30,上櫃,電腦及週邊設備業,ESVUFR
股票,6279,胡連,2003/11/26,上櫃,電子零組件業,ESVUFR
股票,6284,佳邦,2004/6/29,上櫃,電子零組件業,ESVUFR
股票,6290,良維,2005/6/3,上櫃,電子零組件業,ESVUFR
股票,6291,沛亨,2004/1/28,上櫃,半導體業,ESVUFR
股票,6292,迅德,2003/11/26,上櫃,電子零組件業,ESVUFR
股票,6294,智基,2004/1/13,上櫃,文化創意業,ESVUFR
股票,6411,晶焱,2014/3/11,上櫃,半導體業,ESVUFR
股票,6417,韋僑,2015/10/8,上櫃,通信網路業,ESVUFR
股票,6418,詠昇,2019/2/18,上櫃,電子零組件業,ESVUFR
股票,6419,京晨科,2014/12/29,上櫃,光電業,ESVUFR
股票,6425,易發,2019/1/18,上櫃,電機機械,ESVUFR
股票,6432,今展科,2015/5/20,上櫃,電子零組件業,ESVUFR
股票,6435,大中,2016/1/7,上櫃,半導體業,ESVUFR
股票,6441,廣錠,2017/9/27,上櫃,電腦及週邊設備業,ESVUFR
股票,6461,益得,2018/3/28,上櫃,生技醫療業,ESVUFR
股票,6462,神盾,2015/12/23,上櫃,半導體業,ESVUFR
股票,6465,威潤,2015/11/20,上櫃,通信網路業,ESVUFR
股票,6469,大樹,2016/3/30,上櫃,生技醫療業,ESVUFR
股票,6470,宇智,2015/11/3,上櫃,通信網路業,ESVUFR
股票,6474,華豫寧,2025/11/25,上櫃,電子通路業,ESVUFR
股票,6482,弘煜科,2016/6/13,上櫃,文化創意業,ESVUFR
股票,6485,點序,2015/11/17,上櫃,半導體業,ESVUFR
股票,6486,互動,2016/9/13,上櫃,通信網路業,ESVUFR
股票,6488,環球晶,2015/9/25,上櫃,半導體業,ESVUFR
股票,6492,生華科,2017/4/24,上櫃,生技醫療業,ESVUFR
股票,6494,九齊,2016/5/9,上櫃,半導體業,ESVUFR
股票,6496,科懋,2016/1/7,上櫃,生技醫療業,ESVUFR
股票,6498,久禾光,2025/5/20,上櫃,光電業,ESVUFR
股票,6499,益安,2016/7/27,上櫃,生技醫療業,ESVUFR
股票,6506,雙邦,2011/5/3,上櫃,紡織纖維,ESVUFR
股票,6508,惠光,2004/3/22,上櫃,農業科技業,ESVUFR
股票,6509,聚和,2004/4/12,上櫃,化學工業,ESVUFR
股票,6510,精測,2016/3/24,上櫃,半導體業,ESVUFR
股票,6512,啟發電,2016/3/25,上櫃,其他電子業,ESVUFR
股票,6516,勤崴國際,2019/5/6,上櫃,資訊服務業,ESVUFR
股票,6517,保勝光學,2022/12/15,上櫃,光電業,ESVUFR
股票,6523,達爾膚,2016/6/16,上櫃,生技醫療業,ESVUFR
股票,6527,明達醫,2019/12/25,上櫃,生技醫療業,ESVUFR
股票,6530,創威,2018/1/23,上櫃,通信網路業,ESVUFR
股票,6532,瑞耘,2016/9/26,上櫃,半導體業,ESVUFR
股票,6535,順藥,2016/9/26,上櫃,生技醫療業,ESVUFR
股票,6538,倉和,2016/10/21,上櫃,電子零組件業,ESVUFR
股票,6542,隆中,2016/9/8,上櫃,文化創意業,ESVUFR
股票,6546,正基,2022/5/24,上櫃,通信網路業,ESVUFR
股票,6547,高端疫苗,2018/4/17,上櫃,生技醫療業,ESVUFR
股票,6548,長科*,2016/9/13,上櫃,半導體業,ESVUFR
股票,6556,勝品,2017/10/31,上櫃,光電業,ESVUFR
股票,6560,欣普羅,2017/1/24,上櫃,光電業,ESVUFR
股票,6561,是方,2018/6/5,上櫃,通信網路業,ESVUFR
股票,6568,宏觀,2016/12/28,上櫃,半導體業,ESVUFR
股票,6569,醫揚,2016/12/21,上櫃,生技醫療業,ESVUFR
股票,6570,維田,2017/12/11,上櫃,電腦及週邊設備業,ESVUFR
股票,6574,霈方,2017/9/4,上櫃,生技醫療業,ESVUFR
股票,6576,逸達,2018/6/29,上櫃,生技醫療業,ESVUFR
股票,6577,勁豐,2017/3/21,上櫃,電腦及週邊設備業,ESVUFR
股票,6578,達邦蛋白,2018/9/18,上櫃,農業科技業,ESVUFR
股票,6584,南俊國際,2023/5/18,上櫃,電子零組件業,ESVUFR
股票,6588,東典光電,2020/7/1,上櫃,通信網路業,ESVUFR
股票,6590,普鴻,2018/12/24,上櫃,資訊服務業,ESVUFR
股票,6593,台灣銘板,2017/11/3,上櫃,資訊服務業,ESVUFR
股票,6596,寬宏藝術,2018/1/4,上櫃,文化創意業,ESVUFR
股票,6597,立誠,2025/5/8,上櫃,電子零組件業,ESVUFR
股票,6603,富強鑫,2004/4/5,上櫃,電機機械,ESVUFR
股票,6609,瀧澤科,2003/9/23,上櫃,電機機械,ESVUFR
股票,6612,奈米醫材,2018/7/18,上櫃,生技醫療業,ESVUFR
股票,6613,朋億*,2017/12/28,上櫃,其他電子業,ESVUFR
股票,6615,慧智,2018/1/22,上櫃,生技醫療業,ESVUFR
股票,6616,特昇-KY,2018/1/10,上櫃,居家生活,ESVUFR
股票,6617,共信-KY,2024/6/18,上櫃,生技醫療業,ESVUFR
股票,6624,萬年清,2019/5/28,上櫃,綠能環保,ESVUFR
股票,6629,泰金-KY,2019/6/6,上櫃,居家生活,ESVUFR
股票,6637,醫影,2024/6/18,上櫃,生技醫療業,ESVUFR
股票,6640,均華,2018/10/23,上櫃,半導體業,ESVUFR
股票,6642,富致,2019/9/23,上櫃,電子零組件業,ESVUFR
股票,6643,M31,2019/1/23,上櫃,半導體業,ESVUFR
股票,6649,台生材,2019/6/5,上櫃,生技醫療業,ESVUFR
股票,6651,全宇昕,2021/2/1,上櫃,半導體業,ESVUFR
股票,6654,天正國際,2018/10/23,上櫃,其他電子業,ESVUFR
股票,6661,威健生技,2021/1/27,上櫃,生技醫療業,ESVUFR
股票,6662,樂斯科,2019/3/26,上櫃,生技醫療業,ESVUFR
股票,6664,群翊,2018/9/12,上櫃,電子零組件業,ESVUFR
股票,6667,信紘科,2018/11/13,上櫃,其他電子業,ESVUFR
股票,6679,鈺太,2019/5/9,上櫃,半導體業,ESVUFR
股票,6680,鑫創電子,2019/9/16,上櫃,電腦及週邊設備業,ESVUFR
股票,6683,雍智科技,2019/4/23,上櫃,半導體業,ESVUFR
股票,6684,安格,2021/8/11,上櫃,半導體業,ESVUFR
股票,6690,安碁資訊,2019/10/30,上櫃,數位雲端,ESVUFR
股票,6692,進能服,2024/2/2,上櫃,綠能環保,ESVUFR
股票,6693,廣閎科,2022/3/1,上櫃,半導體業,ESVUFR
股票,6697,東捷資訊,2019/12/26,上櫃,資訊服務業,ESVUFR
股票,6703,軒郁,2020/10/20,上櫃,生技醫療業,ESVUFR
股票,6708,天擎,2022/12/29,上櫃,半導體業,ESVUFR
股票,6712,長聖,2021/1/8,上櫃,生技醫療業,ESVUFR
股票,6716,應廣,2020/3/27,上櫃,半導體業,ESVUFR
股票,6720,久昌,2024/12/4,上櫃,半導體業,ESVUFR
股票,6721,信實,2022/4/29,上櫃,其他業,ESVUFR
股票,6727,亞泰金屬,2020/12/1,上櫃,電子零組件業,ESVUFR
股票,6728,上洋,2020/12/25,上櫃,居家生活,ESVUFR
股票,6732,昇佳電子,2020/6/8,上櫃,半導體業,ESVUFR
股票,6733,博晟生醫,2021/1/28,上櫃,生技醫療業,ESVUFR
股票,6735,美達科技,2022/4/29,上櫃,其他電子業,ESVUFR
股票,6739,竹陞科技,2024/9/2,上櫃,其他電子業,ESVUFR
股票,6741,91APP*-KY,2021/5/25,上櫃,數位雲端,ESVUFR
股票,6751,智聯服務,2020/12/25,上櫃,資訊服務業,ESVUFR
股票,6752,叡揚,2020/12/10,上櫃,資訊服務業,ESVUFR
股票,6761,穩得,2021/11/8,上櫃,電子零組件業,ESVUFR
股票,6762,達亞,2020/12/18,上櫃,生技醫療業,ESVUFR
股票,6763,綠界科技*,2022/3/15,上櫃,數位雲端,ESVUFR
股票,6767,台微醫,2021/1/25,上櫃,生技醫療業,ESVUFR
股票,6785,昱展新藥,2024/1/24,上櫃,生技醫療業,ESVUFR
股票,6788,華景電,2021/9/29,上櫃,半導體業,ESVUFR
股票,6791,虎門科技,2022/11/14,上櫃,資訊服務業,ESVUFR
股票,6803,崑鼎,2010/5/27,上櫃,綠能環保,ESVUFR
股票,6804,明係,2022/3/31,上櫃,運動休閒,ESVUFR
股票,6811,宏碁資訊,2022/8/9,上櫃,數位雲端,ESVUFR
股票,6821,聯寶,2023/5/22,上櫃,電子零組件業,ESVUFR
股票,6823,濾能,2022/6/30,上櫃,半導體業,ESVUFR
股票,6829,千附精密,2022/3/11,上櫃,半導體業,ESVUFR
股票,6840,東研信超,2023/3/24,上櫃,其他電子業,ESVUFR
股票,6841,長佳智能,2023/3/1,上櫃,生技醫療業,ESVUFR
股票,6843,進典,2022/11/21,上櫃,電機機械,ESVUFR
股票,6844,諾貝兒,2024/3/8,上櫃,生技醫療業,ESVUFR
股票,6846,綠茵,2023/5/15,上櫃,食品工業,ESVUFR
股票,6855,數泓科,2022/10/6,上櫃,其他電子業,ESVUFR
股票,6856,鑫傳,2023/10/27,上櫃,文化創意業,ESVUFR
股票,6859,伯特光,2022/11/28,上櫃,光電業,ESVUFR
股票,6865,偉康科技,2023/1/11,上櫃,數位雲端,ESVUFR
股票,6870,騰雲,2023/9/14,上櫃,數位雲端,ESVUFR
股票,6872,浩宇生醫,2025/3/7,上櫃,生技醫療業,ESVUFR
股票,6874,倍力,2022/12/14,上櫃,資訊服務業,ESVUFR
股票,6875,國邑*,2024/3/26,上櫃,生技醫療業,ESVUFR
股票,6877,鏵友益,2023/6/16,上櫃,其他電子業,ESVUFR
股票,6881,潤德,2024/5/21,上櫃,其他業,ESVUFR
股票,6894,衛司特,2023/11/29,上櫃,綠能環保,ESVUFR
股票,6895,宏碩系統,2023/8/22,上櫃,半導體業,ESVUFR
股票,6899,創為精密,2024/4/8,上櫃,光電業,ESVUFR
股票,6903,巨漢,2024/6/12,上櫃,其他電子業,ESVUFR
股票,6904,伯鑫,2023/12/5,上櫃,其他業,ESVUFR
股票,6913,鴻呈,2024/10/1,上櫃,電子零組件業,ESVUFR
股票,6922,宸曜,2023/11/9,上櫃,電腦及週邊設備業,ESVUFR
股票,6925,意藍,2025/5/28,上櫃,數位雲端,ESVUFR
股票,6929,佑全,2024/3/28,上櫃,生技醫療業,ESVUFR
股票,6953,家碩,2024/5/13,上櫃,半導體業,ESVUFR
股票,6967,汎瑋材料,2024/9/25,上櫃,電子零組件業,ESVUFR
股票,6968,萬達寵物,2024/8/14,上櫃,居家生活,ESVUFR
股票,6971,惠民實業,2025/10/2,上櫃,綠能環保,ESVUFR
股票,6982,大井泵浦,2024/12/18,上櫃,電機機械,ESVUFR
股票,6996,力領科技,2024/12/10,上櫃,半導體業,ESVUFR
股票,6997,博弘,2024/12/16,上櫃,數位雲端,ESVUFR
股票,7402,邑錡,2015/12/29,上櫃,光電業,ESVUFR
股票,7547,碩網,2025/7/29,上櫃,數位雲端,ESVUFR
股票,7556,意德士,2020/10/30,上櫃,半導體業,ESVUFR
股票,7584,樂意,2024/7/25,上櫃,文化創意業,ESVUFR
股票,7642,昶瑞機電,2025/5/22,上櫃,電機機械,ESVUFR
股票,7703,銳澤,2024/11/13,上櫃,其他電子業,ESVUFR
股票,7704,明遠精密,2024/12/16,上櫃,半導體業,ESVUFR
股票,7708,全家餐飲,2024/11/15,上櫃,觀光餐旅,ESVUFR
股票,7709,榮田,2025/2/25,上櫃,電機機械,ESVUFR
股票,7712,博盛半導體,2024/12/26,上櫃,半導體業,ESVUFR
股票,7713,威力德生醫,2025/2/24,上櫃,生技醫療業,ESVUFR
股票,7714,創泓科技,2025/1/15,上櫃,數位雲端,ESVUFR
股票,7715,裕山,2025/1/15,上櫃,綠能環保,ESVUFR
股票,7716,昱臺國際,2025/10/28,上櫃,航運業,ESVUFR
股票,7717,萊德光電-KY,2025/11/17,上櫃,通信網路業,ESVUFR
股票,7718,友鋮,2025/3/18,上櫃,鋼鐵工業,ESVUFR
股票,7723,築間,2025/4/30,上櫃,觀光餐旅,ESVUFR
股票,7728,光焱科技,2025/3/6,上櫃,其他電子業,ESVUFR
股票,7734,印能科技,2025/2/26,上櫃,半導體業,ESVUFR
股票,7738,東聯互動,2025/10/16,上櫃,數位雲端,ESVUFR
股票,7743,金利食安,2025/5/20,上櫃,食品工業,ESVUFR
股票,7744,崴寶,2025/11/27,上櫃,電子零組件業,ESVUFR
股票,7747,昕奇雲端,2025/7/11,上櫃,數位雲端,ESVUFR
股票,7751,竑騰,2025/8/26,上櫃,半導體業,ESVUFR
股票,7753,星亞,2025/8/11,上櫃,光電業,ESVUFR
股票,7757,金色三麥,2025/10/20,上櫃,觀光餐旅,ESVUFR
股票,7782,光速火箭,2025/10/28,上櫃,居家生活,ESVUFR
股票,8024,佑華,2006/9/25,上櫃,半導體業,ESVUFR
股票,8027,鈦昇,2015/6/9,上櫃,電機機械,ESVUFR
股票,8032,光菱,2003/10/2,上櫃,電子通路業,ESVUFR
股票,8034,榮群,2004/5/6,上櫃,通信網路業,ESVUFR
股票,8038,長園科,2013/11/21,上櫃,電子零組件業,ESVUFR
股票,8040,九暘,2007/4/30,上櫃,半導體業,ESVUFR
股票,8042,金山電,2004/3/22,上櫃,電子零組件業,ESVUFR
股票,8043,蜜望實,2003/10/24,上櫃,電子零組件業,ESVUFR
股票,8044,網家,2005/1/24,上櫃,數位雲端,ESVUFR
股票,8047,星雲,2004/2/9,上櫃,其他電子業,ESVUFR
股票,8048,德勝,2009/9/8,上櫃,通信網路業,ESVUFR
股票,8049,晶采,2004/2/2,上櫃,光電業,ESVUFR
股票,8050,廣積,2003/10/24,上櫃,電腦及週邊設備業,ESVUFR
股票,8054,安國,2004/11/8,上櫃,半導體業,ESVUFR
股票,8059,凱碩,2010/3/16,上櫃,通信網路業,ESVUFR
股票,8064,東捷,2006/9/25,上櫃,光電業,ESVUFR
股票,8066,來思達,2004/12/24,上櫃,居家生活,ESVUFR
股票,8067,志旭,2004/4/23,上櫃,電子通路業,ESVUFR
股票,8068,全達,2004/3/25,上櫃,電子通路業,ESVUFR
股票,8069,元太,2004/3/30,上櫃,光電業,ESVUFR
股票,8071,能率網通,2003/12/29,上櫃,電子零組件業,ESVUFR
股票,8074,鉅橡,2004/1/27,上櫃,電子零組件業,ESVUFR
股票,8076,伍豐,2003/12/15,上櫃,電腦及週邊設備業,ESVUFR
股票,8077,洛碁,2004/12/6,上櫃,觀光餐旅,ESVUFR
股票,8080,泰霖,2021/4/7,上櫃,建材營造業,ESVUFR
股票,8083,瑞穎,2004/9/23,上櫃,電機機械,ESVUFR
股票,8084,巨虹,2004/3/8,上櫃,電子通路業,ESVUFR
股票,8085,福華,2004/3/1,上櫃,其他電子業,ESVUFR
股票,8086,宏捷科,2009/6/1,上櫃,半導體業,ESVUFR
股票,8087,麗升能源,2004/2/25,上櫃,綠能環保,ESVUFR
股票,8088,品安,2004/2/27,上櫃,半導體業,ESVUFR
股票,8089,康全電訊,2020/9/23,上櫃,通信網路業,ESVUFR
股票,8091,翔名,2004/6/24,上櫃,半導體業,ESVUFR
股票,8092,建暐,2004/2/2,上櫃,其他電子業,ESVUFR
股票,8093,保銳,2004/12/31,上櫃,電子零組件業,ESVUFR
股票,8096,擎亞,2004/7/15,上櫃,電子通路業,ESVUFR
股票,8097,常珵,2004/3/1,上櫃,通信網路業,ESVUFR
股票,8099,大世科,2004/3/29,上櫃,資訊服務業,ESVUFR
股票,8107,大億金茂,2005/11/15,上櫃,電機機械,ESVUFR
股票,8109,博大,2005/3/22,上櫃,電子零組件業,ESVUFR
股票,8111,立碁,2004/2/9,上櫃,光電業,ESVUFR
股票,8121,越峰,2005/2/17,上櫃,電子零組件業,ESVUFR
股票,8147,正淩,2013/4/30,上櫃,電子零組件業,ESVUFR
股票,8155,博智,2012/12/18,上櫃,電子零組件業,ESVUFR
股票,8171,天宇,2011/12/19,上櫃,綠能環保,ESVUFR
股票,8176,智捷,2013/6/25,上櫃,通信網路業,ESVUFR
股票,8182,加高,2006/5/25,上櫃,電子零組件業,ESVUFR
股票,8183,精星,2005/3/30,上櫃,其他電子業,ESVUFR
股票,8227,巨有科技,2022/12/20,上櫃,半導體業,ESVUFR
股票,8234,新漢,2007/6/7,上櫃,電腦及週邊設備業,ESVUFR
股票,8240,華宏,2005/6/23,上櫃,光電業,ESVUFR
股票,8255,朋程,2006/4/25,上櫃,電機機械,ESVUFR
股票,8272,全景軟體,2024/10/23,上櫃,資訊服務業,ESVUFR
股票,8277,商丞,2004/12/27,上櫃,半導體業,ESVUFR
股票,8279,生展,2016/9/26,上櫃,生技醫療業,ESVUFR
股票,8284,三竹,2020/5/18,上櫃,資訊服務業,ESVUFR
股票,8289,泰藝,2008/4/24,上櫃,電子零組件業,ESVUFR
股票,8291,尚茂,2011/11/29,上櫃,電子零組件業,ESVUFR
股票,8299,群聯,2004/12/6,上櫃,半導體業,ESVUFR
股票,8342,益張,2017/11/23,上櫃,其他業,ESVUFR
股票,8349,恒耀,2006/3/10,上櫃,鋼鐵工業,ESVUFR
股票,8354,冠好,2004/4/15,上櫃,其他業,ESVUFR
股票,8358,金居,2010/9/27,上櫃,電子零組件業,ESVUFR
股票,8383,千附,2004/9/10,上櫃,半導體業,ESVUFR
股票,8390,金益鼎,2008/5/21,上櫃,綠能環保,ESVUFR
股票,8401,白紗科,2010/3/29,上櫃,其他業,ESVUFR
股票,8403,盛弘,2011/3/1,上櫃,生技醫療業,ESVUFR
股票,8409,商之器,2013/11/25,上櫃,生技醫療業,ESVUFR
股票,8410,森田,2011/2/23,上櫃,電腦及週邊設備業,ESVUFR
股票,8415,大國鋼,2016/9/7,上櫃,鋼鐵工業,ESVUFR
股票,8416,實威,2012/9/19,上櫃,資訊服務業,ESVUFR
股票,8421,旭源,2012/11/23,上櫃,其他業,ESVUFR
股票,8423,保綠-KY,2012/3/14,上櫃,綠能環保,ESVUFR
股票,8424,惠普,2012/12/18,上櫃,建材營造業,ESVUFR
股票,8426,紅木-KY,2011/12/13,上櫃,其他業,ESVUFR
股票,8431,匯鑽科,2015/3/30,上櫃,其他電子業,ESVUFR
股票,8432,東生華,2012/4/30,上櫃,生技醫療業,ESVUFR
股票,8433,弘帆,2012/12/19,上櫃,居家生活,ESVUFR
股票,8435,鉅邁,2012/12/28,上櫃,其他業,ESVUFR
股票,8436,大江,2013/9/12,上櫃,生技醫療業,ESVUFR
股票,8437,大地-KY,2015/5/6,上櫃,其他業,ESVUFR
股票,8440,綠電,2018/3/28,上櫃,綠能環保,ESVUFR
股票,8444,綠河-KY,2015/10/27,上櫃,其他業,ESVUFR
股票,8446,華研,2013/12/19,上櫃,文化創意業,ESVUFR
股票,8450,霹靂,2014/10/7,上櫃,文化創意業,ESVUFR
股票,8455,大拓-KY,2016/1/8,上櫃,其他電子業,ESVUFR
股票,8472,夠麻吉,2016/1/11,上櫃,數位雲端,ESVUFR
股票,8477,創業家,2025/8/25,上櫃,數位雲端,ESVUFR
股票,8489,三貝德,2017/4/27,上櫃,其他業,ESVUFR
股票,8905,裕國,1996/1/31,上櫃,其他業,ESVUFR
股票,8906,花王,1996/4/23,上櫃,其他業,ESVUFR
股票,8908,欣雄,1997/2/14,上櫃,油電燃氣業,ESVUFR
股票,8916,光隆,1999/4/20,上櫃,其他業,ESVUFR
股票,8917,欣泰,1999/5/6,上櫃,油電燃氣業,ESVUFR
股票,8921,沈氏,2000/3/21,上櫃,其他業,ESVUFR
股票,8923,時報,1999/12/27,上櫃,文化創意業,ESVUFR
股票,8924,大田,2000/2/9,上櫃,運動休閒,ESVUFR
股票,8927,北基,2000/11/2,上櫃,油電燃氣業,ESVUFR
股票,8928,鉅明,2001/2/2,上櫃,運動休閒,ESVUFR
股票,8929,富堡,2000/11/30,上櫃,其他業,ESVUFR
股票,8930,青鋼,2000/12/6,上櫃,鋼鐵工業,ESVUFR
股票,8931,大汽電,2001/5/10,上櫃,油電燃氣業,ESVUFR
股票,8932,智通*,2001/3/29,上櫃,其他業,ESVUFR
股票,8933,愛地雅,2001/3/28,上櫃,運動休閒,ESVUFR
股票,8935,邦泰,2002/3/26,上櫃,其他業,ESVUFR
股票,8936,國統,2002/9/9,上櫃,其他業,ESVUFR
股票,8937,合騏,2002/10/29,上櫃,其他業,ESVUFR
股票,8938,明安,2002/12/2,上櫃,運動休閒,ESVUFR
股票,8941,關中,2003/1/20,上櫃,居家生活,ESVUFR
股票,8942,森鉅,2003/5/16,上櫃,其他業,ESVUFR
股票,9949,琉園,2003/11/21,上櫃,文化創意業,ESVUFR
股票,9950,萬國通,2004/2/17,上櫃,塑膠工業,ESVUFR
股票,9951,皇田,2003/12/18,上櫃,電機機械,ESVUFR
股票,9960,邁達康,2004/12/6,上櫃,運動休閒,ESVUFR
股票,9962,有益,2006/7/10,上櫃,鋼鐵工業,ESVUFR
特別股,8349A,恒耀甲特,2020/2/24,上櫃,,EPNRAR
受益證券-資產基礎證券 ,01014S,93中信貸a,2004/8/10,上櫃,,DAVUBR
受益證券-資產基礎證券 ,01015S,93中信貸b,2004/8/10,上櫃,,DAVUBR
受益證券-資產基礎證券 ,01016S,93中信貸c,2004/8/10,上櫃,,DAVUBR
受益證券-資產基礎證券 ,01017S,93中信貸d,2004/8/10,上櫃,,DAVUBR
受益證券-資產基礎證券 ,01111S,081中租賃A,2019/12/11,上櫃,,DAFUFR
受益證券-資產基礎證券 ,01112S,081中租賃B,2019/12/11,上櫃,,DAFUFR
受益證券-資產基礎證券 ,01113S,111中租賃A,2022/4/15,上櫃,,DAFUFR
受益證券-資產基礎證券 ,01114S,111中租賃B,2022/4/15,上櫃,,DAFUFR
指數,^TWII,加權指數,,,,
指數,^TWOII,櫃買指數,,,,
指數,^IXIC,那斯達克指數,,,,
